timestamp_ms,F1_405nm,F2_425nm,FZ_450nm,F3_475nm,F4_515nm,F5_550nm,FY_555nm,FXL_600nm,F6_640nm,F7_690nm,F8_745nm,NIR_855nm,VIS_clear,R_approx,G_approx,B_approx
17472,0,0,2,2,3,1,9,11,14,12,1,0,576,25,13,4
18002,0,0,2,2,3,1,9,11,14,12,1,0,572,25,13,4
18532,0,0,2,2,3,1,8,11,14,12,1,0,565,25,12,4
19062,0,0,2,2,3,1,9,11,14,13,1,0,587,25,13,4
19594,0,0,2,2,4,1,9,12,15,13,1,0,604,26,14,4
20124,0,0,2,2,3,1,9,11,14,13,1,0,586,26,13,4
20654,0,0,1,2,3,1,7,10,12,11,1,0,510,22,11,3
21184,0,0,1,2,3,1,7,10,12,11,1,0,505,22,11,3
21714,0,0,1,2,3,1,7,10,12,11,1,0,505,22,11,3
22244,0,0,1,2,3,1,7,10,12,11,1,0,505,22,11,3
22776,0,0,1,2,3,1,7,10,12,11,1,0,509,22,11,3
23308,0,0,1,2,3,1,8,10,13,11,1,0,519,23,12,3
23838,0,0,2,2,3,1,9,11,14,13,1,0,594,25,13,4
24368,0,0,2,2,4,2,10,13,16,14,1,1,648,28,16,4
24898,0,0,2,2,4,2,9,12,15,14,1,0,630,27,15,4
25428,0,0,2,2,4,2,10,12,16,14,2,1,644,28,16,4
25956,0,0,2,2,4,1,10,12,16,14,1,0,635,28,15,4
26486,0,0,2,2,4,2,9,12,15,13,1,0,618,27,15,4
27016,0,1,2,2,4,2,11,14,18,17,2,0,748,32,17,5
27546,0,1,3,3,6,2,16,20,25,23,3,1,1028,45,24,7
28076,0,1,2,3,5,2,12,16,20,17,2,1,798,36,19,6
28606,0,1,2,2,4,2,10,13,18,16,2,1,713,31,16,5
29138,0,1,2,3,5,2,13,17,21,18,2,1,845,37,20,6
29668,0,0,2,2,4,1,10,13,16,14,2,1,678,30,16,4
30198,0,0,2,2,4,1,9,12,15,13,1,0,607,27,14,4
30728,0,0,2,2,4,2,9,12,15,13,1,0,619,27,15,4
31260,0,0,2,2,3,1,8,11,13,12,1,0,549,24,12,4
31790,0,0,2,2,4,1,9,12,15,13,1,0,605,27,14,4
32320,0,1,2,3,5,2,12,15,19,17,2,1,755,34,18,5
32850,0,1,2,3,5,2,12,16,19,17,2,1,793,35,19,5
33380,0,1,2,3,5,2,12,16,20,18,2,1,808,35,19,6
33910,0,1,2,3,5,2,13,16,20,18,2,1,813,36,20,6
34440,0,1,2,2,4,2,11,14,17,16,2,1,722,31,17,5
34970,0,1,2,2,4,2,12,15,18,16,2,1,740,33,18,5
35500,0,0,2,2,4,2,10,12,15,14,1,0,625,28,16,4
36030,0,0,2,2,3,1,9,11,14,12,1,0,569,26,13,4
36560,0,0,2,2,4,1,9,12,14,13,1,0,591,26,14,4
37090,0,0,1,2,3,1,7,10,11,10,1,0,466,21,11,3
37620,0,0,1,1,2,1,6,8,9,8,1,0,372,17,9,2
38150,0,0,1,2,3,1,7,9,12,12,1,0,487,21,11,3
38680,1,2,4,5,8,5,21,31,57,75,8,1,2133,88,35,11
39212,11,18,31,28,34,28,247,423,820,688,79,32,23875,1243,309,89
39742,13,24,33,37,42,29,304,558,1021,805,93,44,28057,1579,376,107
40272,17,30,43,48,59,37,370,669,1280,992,114,52,28303,1949,467,138
40802,15,28,42,43,50,28,370,671,1227,924,107,54,28230,1898,448,128
41332,13,25,38,41,53,30,318,563,1019,778,90,44,28069,1581,401,117
41862,13,25,42,43,60,32,323,555,991,752,87,43,28066,1546,415,123
42392,14,27,45,46,64,35,343,593,1071,818,95,46,28148,1664,442,132
42922,17,30,46,49,64,39,361,631,1208,976,113,50,28271,1839,464,141
43452,35,57,78,91,114,69,596,1043,2041,1649,196,91,29135,3084,778,261
43982,44,73,100,115,139,79,731,1273,2379,1856,225,122,29490,3652,949,333
44512,32,53,66,77,76,46,600,1126,2154,1668,200,101,29163,3280,722,228
45042,31,51,61,74,75,48,572,1074,2081,1636,195,94,29096,3155,695,217
45572,35,57,74,87,96,59,630,1145,2191,1716,205,102,29243,3336,785,254
46102,37,61,84,95,111,65,670,1183,2230,1740,208,107,29311,3413,846,277
46632,35,59,79,90,104,62,648,1154,2189,1704,203,103,29257,3343,814,263
47164,41,65,81,99,107,66,673,1215,2353,1851,224,113,29393,3567,846,286
47694,36,56,67,81,83,54,610,1135,2204,1745,210,101,29219,3339,747,239
48224,87,111,122,169,180,131,833,1464,2828,2266,300,167,29937,4293,1144,490
48756,108,147,168,225,240,163,995,1693,3085,2408,329,230,30273,4778,1398,648
49286,78,114,140,176,196,126,900,1545,2831,2194,284,186,29992,4376,1222,508
49816,65,97,123,151,175,111,836,1439,2667,2079,263,158,29824,4105,1121,437
50346,64,96,126,152,180,112,841,1433,2648,2055,258,156,29821,4081,1133,438
50876,55,86,119,139,171,103,807,1364,2520,1959,241,141,29707,3884,1081,398
51406,52,82,115,132,163,98,792,1337,2479,1932,236,135,29660,3816,1053,381
51936,46,77,109,124,154,92,769,1298,2404,1860,225,127,29577,3702,1015,356
52466,40,69,100,113,142,84,730,1233,2291,1782,213,115,29458,3525,956,321
52996,36,64,95,105,134,78,705,1189,2195,1703,201,108,29358,3385,917,301
53526,34,60,91,100,130,75,681,1148,2127,1662,195,102,29287,3275,887,286
54056,32,58,88,96,126,72,665,1120,2069,1600,187,98,29219,3189,863,275
54586,17,38,61,62,80,38,478,829,1459,990,115,69,27517,2288,596,178
55116,8,16,51,57,365,150,382,321,305,190,45,21,16602,627,897,131
55646,19,41,147,140,919,335,1021,725,583,389,91,46,28503,1309,2275,347
56176,19,42,156,145,936,332,1073,768,597,383,89,48,28529,1365,2341,362
56706,18,42,155,142,924,325,1069,764,591,377,88,48,28514,1354,2318,357
57236,16,36,135,123,814,287,948,671,514,329,77,42,28326,1185,2049,310
57766,15,34,128,118,779,276,899,636,489,314,75,39,28265,1125,1954,295
58296,15,34,126,117,774,270,894,631,484,307,73,39,28248,1116,1937,292
58826,15,33,124,115,763,271,873,616,478,308,74,38,28234,1095,1906,288
59356,15,32,121,112,743,263,857,606,464,299,72,37,28201,1070,1863,281
59886,14,32,120,112,739,262,850,601,462,297,71,37,28193,1062,1852,278
60416,14,32,119,111,743,263,851,599,459,298,72,37,28179,1058,1857,276
60948,14,31,117,108,724,255,837,589,448,288,70,37,28005,1037,1816,271
61478,14,30,114,106,705,248,812,571,437,280,68,35,27426,1009,1765,264
62010,14,30,115,106,703,248,817,574,438,281,67,36,27429,1012,1767,264
62540,13,29,110,101,684,240,787,552,418,268,65,34,26281,970,1711,253
63070,13,28,108,100,667,235,770,541,415,266,64,33,25921,956,1672,250
63600,13,28,106,98,657,232,761,533,404,261,63,33,25450,938,1649,245
64130,12,27,103,95,633,223,738,518,394,251,61,31,24694,912,1594,238
64660,12,26,100,92,609,214,712,499,380,242,58,31,23820,879,1536,231
65190,11,25,96,89,588,208,683,478,365,234,56,29,22866,842,1479,221
65720,11,24,94,88,601,211,688,478,359,230,57,29,22604,837,1500,218
66250,11,25,94,89,586,205,673,470,365,231,56,29,22671,835,1464,219
66780,12,27,101,95,616,218,708,498,394,252,59,30,24431,892,1542,236
67310,12,28,105,97,615,213,705,516,396,251,58,31,24288,912,1533,242
67840,11,24,92,89,565,201,633,464,364,236,55,27,21764,828,1399,216
68372,10,18,59,54,309,103,435,362,428,341,50,21,18411,790,847,141
68902,19,34,49,60,101,73,615,937,1219,843,95,45,28456,2157,790,162
69434,40,64,93,107,169,127,1045,1582,1978,1382,162,91,29407,3559,1341,304
69964,41,67,99,113,178,129,1096,1651,2051,1402,165,96,29492,3702,1403,321
70494,38,64,95,108,170,123,1069,1613,1995,1358,158,92,29418,3607,1362,305
71024,25,49,90,92,250,156,1033,1415,1574,985,114,73,29021,2989,1439,257
71554,42,59,113,127,631,366,1241,1342,1496,1162,139,63,29336,2838,2238,341
72086,43,73,152,152,724,373,1588,1693,1681,1186,141,88,29655,3373,2685,421
72616,43,72,146,150,723,380,1548,1651,1684,1208,144,82,29652,3335,2651,411
73146,40,68,143,143,702,365,1524,1626,1636,1165,137,80,29582,3262,2591,394
73676,40,67,140,141,696,366,1504,1604,1624,1168,137,77,29561,3228,2566,389
74206,42,70,144,146,709,372,1533,1635,1655,1188,140,81,29608,3290,2615,401
74738,41,69,145,144,705,367,1530,1631,1647,1176,137,80,29585,3278,2602,398
75268,40,67,142,141,696,364,1519,1620,1626,1161,136,79,29557,3246,2578,391
75800,31,65,132,147,451,178,1285,1486,1827,1259,146,88,29321,3313,1914,375
76332,20,35,51,56,70,43,425,760,1411,1123,131,63,28481,2171,537,162
76862,20,38,61,65,87,49,468,791,1459,1113,128,65,28543,2249,604,185
77392,18,35,56,60,79,44,432,734,1351,1030,119,60,28427,2084,555,169
77922,9,24,49,63,75,30,282,474,730,512,62,38,19417,1203,387,146
78452,6,31,155,148,182,54,205,144,149,108,21,15,9646,294,442,339
78982,6,35,172,164,202,57,231,161,160,111,22,17,10371,321,489,376
79512,6,34,170,162,200,57,233,163,163,114,22,17,10444,326,490,372
80042,6,34,167,161,198,55,222,155,152,106,22,16,9973,307,475,368
80574,8,44,216,212,259,73,279,192,192,135,28,21,12655,384,610,480
81104,8,45,227,217,265,74,298,206,201,138,29,22,13220,408,638,497
81634,9,48,233,229,281,79,301,207,205,142,31,23,13605,413,661,518
82164,9,51,256,247,303,83,322,222,217,145,32,24,14442,439,708,564
82694,12,63,306,302,376,106,384,273,267,189,42,30,17774,540,867,683
83224,16,85,416,408,514,135,529,382,364,257,55,41,23530,746,1179,925
83754,19,96,470,472,585,158,591,434,406,302,64,46,26444,840,1334,1057
84284,15,83,427,402,500,132,561,394,358,248,51,42,23340,751,1193,927
84814,13,71,345,350,428,111,447,308,290,190,44,33,18947,598,986,779
85344,15,81,416,399,493,127,523,353,341,230,50,40,22215,693,1143,911
85874,12,61,313,299,371,100,408,278,260,180,39,31,17274,538,878,685
86404,9,49,259,252,299,76,296,189,171,123,32,23,12181,360,671,570
86934,13,66,328,324,401,109,425,289,278,195,43,32,18370,567,935,731
87464,12,66,332,321,399,107,436,300,281,194,42,33,18571,582,943,731
87996,13,66,331,323,402,108,433,298,285,197,42,32,18644,582,944,732
88526,12,65,328,317,396,107,434,301,285,196,42,32,18643,586,937,723
89058,11,61,308,295,368,99,403,280,263,181,39,30,17284,543,870,675
89588,10,56,281,270,336,90,367,253,239,165,35,27,15750,493,793,617
90118,10,54,271,263,326,88,350,241,229,159,35,26,15169,470,764,598
90648,10,54,268,258,321,86,347,239,225,157,34,26,14953,464,754,590
91178,10,53,270,258,320,86,348,240,226,157,34,26,14992,467,755,591
91708,10,54,268,259,322,87,348,242,231,160,34,26,15182,473,758,591
92238,10,52,261,251,312,84,340,236,225,156,33,25,14778,461,736,574
92768,10,52,261,250,311,83,337,233,220,153,33,25,14558,454,731,573
93300,10,51,256,247,307,83,331,229,218,151,33,25,14367,447,720,564
93830,9,49,247,236,293,79,318,220,207,144,31,24,13734,427,690,541
94360,9,47,240,229,283,75,303,208,195,136,30,23,13033,403,661,526
94892,9,46,232,222,275,74,295,202,193,135,29,22,12807,395,643,509
95422,8,45,226,216,267,72,288,198,187,131,29,21,12454,385,626,495
95952,8,44,220,209,259,69,281,194,184,128,28,21,12219,379,609,481
96482,8,41,208,197,244,65,266,187,178,122,26,20,11674,365,575,454
97012,6,34,177,163,198,49,209,146,135,94,22,16,8844,281,455,380
97544,2,8,48,34,46,12,97,105,100,85,12,8,4534,205,155,92
98074,0,0,2,2,3,1,8,10,14,12,1,0,540,24,12,4
98604,0,0,2,2,3,1,9,11,13,11,1,0,506,24,13,4
99134,0,0,1,2,3,1,7,10,12,11,1,0,482,22,11,3
99666,0,0,1,1,2,1,5,7,8,7,1,0,321,15,8,2
100196,0,0,1,1,2,1,4,5,6,5,0,0,274,11,7,2
100726,0,0,1,1,2,1,5,6,7,7,1,0,334,13,8,2
101256,0,0,1,1,2,1,6,7,8,7,1,0,367,15,9,2
101786,0,0,1,1,2,1,5,6,7,6,1,0,319,13,8,2
102316,0,0,1,1,2,1,4,5,6,5,1,0,276,11,7,2
102846,9,19,49,63,107,56,230,311,527,474,52,18,18009,838,393,140
103376,32,65,178,204,344,162,822,1085,1634,1308,154,68,29087,2719,1328,478
103906,28,60,186,193,327,146,848,1115,1541,1207,141,70,29002,2656,1321,467
104436,32,65,189,208,350,160,857,1127,1638,1325,156,71,29122,2765,1368,494
104966,33,69,199,218,367,167,899,1182,1726,1381,163,75,29223,2908,1433,520
105498,29,62,182,197,334,149,827,1089,1570,1250,147,67,29027,2659,1309,470
106030,39,66,185,211,355,175,835,1096,1645,1394,168,68,29151,2740,1365,502
106562,203,253,446,575,792,457,1741,2226,3176,2584,416,311,31138,5401,2990,1476
107094,131,187,378,457,666,350,1534,1975,2797,2234,324,229,30637,4772,2549,1153
107624,79,137,320,365,564,261,1350,1749,2474,1889,249,167,30194,4223,2175,901
108154,33,69,207,220,372,166,922,1205,1718,1366,162,77,29248,2923,1460,530
108684,32,68,201,216,365,161,899,1177,1689,1332,157,74,29197,2866,1425,517
109214,30,64,190,206,349,155,853,1118,1618,1292,152,69,29108,2736,1357,491
109746,31,64,189,205,347,155,846,1110,1613,1295,153,69,29101,2722,1349,489
110278,33,68,199,215,362,162,888,1165,1685,1349,159,74,29194,2850,1412,514
110808,31,66,195,210,354,157,871,1143,1651,1313,154,72,29145,2794,1382,502
111338,17,40,138,129,218,88,622,821,1021,740,86,50,21339,1842,928,324
111870,0,0,1,1,2,1,4,5,6,5,0,0,261,11,7,2
112402,0,0,1,1,2,1,5,6,7,6,1,0,302,12,8,2
112932,0,0,1,1,2,1,5,6,7,7,1,0,323,13,8,2
113462,0,0,1,1,2,1,5,6,7,7,1,0,320,13,8,2
113992,0,0,1,1,2,1,5,6,7,6,1,0,304,13,8,2
114522,0,0,1,1,2,1,5,6,7,6,1,0,307,13,8,2
115052,0,0,1,1,2,1,5,6,7,6,1,0,316,13,8,2
115582,0,0,1,1,2,1,5,6,7,7,1,0,317,13,8,2
116112,0,0,1,1,2,1,5,6,7,7,1,0,325,13,8,2
116642,0,0,1,1,2,1,5,6,7,7,1,0,328,13,8,2
117172,0,0,1,1,2,1,6,7,8,7,1,0,341,15,9,2
117702,0,0,1,1,2,1,5,6,8,7,1,0,329,14,8,2
118232,0,0,1,1,2,1,5,5,7,6,1,0,296,12,8,2
118762,0,0,1,1,2,1,5,6,7,7,1,0,329,13,8,2
119292,0,0,1,1,2,1,6,7,8,7,1,0,352,14,9,2
119822,0,0,1,1,2,1,5,5,7,6,1,0,300,12,8,2
120354,0,0,1,1,2,1,5,6,7,7,1,0,323,13,8,2
120884,0,0,1,1,2,1,4,5,6,5,1,0,286,12,7,2
121414,0,0,1,1,2,2,4,5,9,18,2,0,494,13,8,3
121944,14,30,77,98,166,83,357,473,786,679,76,27,20389,1259,606,219
122476,26,55,161,177,300,138,738,972,1415,1148,133,58,28829,2386,1176,419
123006,31,65,189,206,345,156,863,1138,1655,1304,152,71,29120,2794,1364,491
123536,29,62,182,197,331,149,835,1104,1606,1269,147,68,29049,2710,1314,471
124066,28,60,174,190,320,144,801,1062,1563,1249,144,65,28984,2624,1264,453
124596,25,55,163,175,294,129,751,999,1448,1142,130,60,28829,2447,1173,418
125126,21,46,138,148,250,109,640,852,1237,980,112,51,28561,2089,999,353
125656,19,44,132,140,236,101,614,819,1188,916,104,48,28476,2007,951,336
126186,1,5,28,19,31,8,129,172,155,65,7,10,5503,327,168,53
126716,0,0,1,1,2,1,4,6,8,7,1,0,332,13,7,2
127246,0,0,1,1,1,0,3,4,4,4,0,0,194,8,4,2
127778,0,0,1,1,1,0,3,4,4,4,0,0,181,8,4,2
128308,0,0,1,1,1,0,3,3,3,2,0,0,164,7,4,2
128838,0,0,1,1,1,0,2,3,3,2,0,0,142,6,3,1
129368,0,0,0,0,1,0,2,2,3,2,0,0,134,5,3,0
129898,0,0,0,1,1,0,2,3,3,2,0,0,154,6,3,1
130428,0,0,0,1,1,0,2,3,4,3,0,0,172,7,3,1
130958,0,0,1,1,1,0,2,3,3,2,0,0,158,6,3,2
131488,0,0,1,1,1,0,2,2,3,2,0,0,146,5,3,1
132018,0,0,1,1,1,0,2,3,3,2,0,0,150,6,3,2
132548,0,0,1,1,1,0,2,3,3,2,0,0,159,6,3,2
133078,0,0,1,1,1,0,3,3,3,2,0,0,168,6,4,2
133608,0,0,1,1,1,0,3,3,3,2,0,0,168,6,4,2
134140,0,0,1,1,1,0,3,3,3,2,0,0,167,6,4,2
134670,0,0,1,1,1,0,3,3,3,2,0,0,166,6,4,2
135200,0,0,1,1,1,0,3,3,3,2,0,0,166,6,4,2
135730,0,0,1,1,1,0,3,3,3,2,0,0,169,6,4,2
136262,0,0,1,1,1,0,3,3,4,2,0,0,175,7,4,2
136792,0,0,1,1,1,0,3,3,3,2,0,0,166,6,4,2
137322,0,0,1,1,1,0,2,3,3,2,0,0,157,6,3,2
137852,0,0,1,1,1,0,2,3,3,2,0,0,145,6,3,1
138382,0,0,0,0,1,0,2,2,3,2,0,0,148,5,3,0
138912,0,0,0,1,1,0,2,3,3,3,0,0,166,6,3,1
139442,0,0,1,1,1,0,2,3,3,3,0,0,163,6,3,2
139972,0,0,1,1,1,0,3,3,4,3,0,0,173,7,4,2
140502,0,0,1,1,1,0,3,3,4,3,0,0,189,7,4,2
141032,0,0,1,1,2,1,5,7,8,8,1,0,360,15,8,2
141562,0,1,2,3,5,3,11,15,25,32,4,0,961,39,19,6
142092,6,14,31,43,73,33,152,203,390,319,36,12,12399,593,257,94
142622,14,31,90,99,164,74,421,573,875,708,81,36,28086,1448,659,234
143152,17,35,100,114,186,84,465,633,967,778,90,40,28224,1600,735,265
143684,19,39,113,127,208,93,525,713,1080,862,100,46,28368,1793,826,298
144214,20,41,120,134,220,97,555,752,1147,915,107,49,28449,1899,872,316
144746,20,42,122,136,223,98,565,765,1165,930,109,50,28471,1931,886,320
145276,20,41,121,135,221,97,560,759,1155,916,107,50,28460,1914,878,317
145808,20,40,118,132,216,95,547,741,1127,894,104,48,28433,1869,858,310
146338,20,41,117,132,216,95,545,739,1138,910,106,49,28434,1877,857,310
146868,16,42,117,135,225,79,546,741,1164,745,86,48,27704,1905,850,309
147398,1,2,9,7,11,4,38,56,51,42,6,4,2076,107,53,18
147928,0,0,2,2,3,1,8,10,13,12,1,0,517,24,12,4
148460,0,0,2,2,3,1,8,11,13,12,1,0,505,24,12,4
148990,0,0,1,1,2,1,7,9,11,10,1,0,421,20,10,2
149520,0,0,1,2,3,1,7,9,12,11,1,0,452,22,11,3
150052,0,0,2,2,3,2,9,11,15,14,1,0,571,26,14,4
150582,0,0,2,2,4,2,10,13,16,14,2,0,618,29,16,4
151112,0,0,2,2,3,1,9,12,16,14,2,0,586,28,13,4
151642,0,0,2,2,3,1,9,12,16,15,2,0,578,28,13,4
152172,2,2,4,7,10,7,22,34,94,118,13,2,3042,128,40,15
152702,7,14,27,27,37,22,207,341,586,482,55,25,17690,928,266,75
153232,8,16,27,29,40,24,215,356,640,502,56,27,18840,997,279,80
153762,8,17,29,31,42,25,232,385,684,528,60,29,20221,1068,299,84
154292,9,19,31,33,46,26,248,409,734,558,63,31,21756,1143,321,91
154822,10,20,33,34,45,27,266,454,818,639,73,34,24161,1272,339,97
155352,13,26,42,43,60,33,331,561,1038,815,94,44,27964,1599,425,124
155882,13,24,38,40,49,29,327,569,1032,801,92,45,28068,1601,406,115
156412,11,22,31,35,40,24,293,531,958,738,85,42,27532,1489,357,99
156942,12,22,33,35,42,24,296,530,965,748,87,41,27660,1495,362,102
157472,25,48,66,76,96,47,532,948,1819,1367,161,80,28861,2767,675,215
158002,24,44,68,69,86,44,541,945,1763,1362,161,79,28828,2708,671,206
158532,25,43,60,66,76,42,514,940,1776,1382,164,80,28840,2715,632,193
159062,22,38,52,57,63,36,467,871,1647,1288,153,74,28691,2518,566,169
159592,22,38,51,57,65,38,462,861,1623,1264,150,72,28667,2484,564,168
160124,22,41,62,66,84,46,493,875,1625,1264,148,73,28707,2500,623,191
160656,22,40,60,63,77,42,492,883,1642,1275,150,73,28708,2524,611,186
161188,20,38,58,62,81,43,465,823,1518,1169,136,68,28592,2341,589,178
161720,15,32,49,52,69,35,394,701,1267,927,107,57,28301,1968,497,148
162250,1,3,10,8,17,10,85,143,135,75,8,10,4843,278,112,22
162780,0,0,1,1,2,1,6,8,10,9,1,0,403,18,9,2
163312,0,0,1,1,2,1,6,7,10,8,1,0,385,17,9,2
163842,0,0,1,1,2,1,6,7,9,8,1,0,385,17,9,2
164372,0,0,1,1,2,1,6,8,10,9,1,0,411,18,9,2
164904,0,0,1,2,3,1,7,9,12,11,1,0,487,21,11,3
165434,0,1,2,2,3,1,9,12,16,13,1,0,662,28,14,5
165966,0,0,1,1,1,0,4,5,5,4,0,0,248,10,5,2
166496,0,0,0,1,1,0,2,3,3,2,0,0,151,6,3,1
167026,0,0,0,1,1,0,2,2,3,2,0,0,133,5,3,1
167556,0,0,1,1,1,0,2,3,3,2,0,0,154,6,3,2
168086,0,0,1,1,1,0,2,3,3,2,0,0,153,6,3,2
168616,0,0,1,1,1,0,2,3,3,2,0,0,158,6,3,2
169146,0,0,1,1,1,0,3,3,3,2,0,0,156,6,4,2
169676,0,0,1,1,1,0,3,3,3,2,0,0,157,6,4,2
170206,0,0,1,1,1,0,3,3,3,2,0,0,157,6,4,2
170738,0,0,1,1,1,0,2,3,3,2,0,0,159,6,3,2
171268,0,0,1,1,1,0,2,3,3,2,0,0,159,6,3,2
171800,0,0,1,1,1,0,3,3,3,2,0,0,158,6,4,2
172330,0,0,1,1,1,0,3,3,3,2,0,0,157,6,4,2
172860,0,0,1,1,1,0,2,3,3,2,0,0,157,6,3,2
173392,0,0,1,1,1,0,3,3,3,2,0,0,159,6,4,2
173924,0,0,1,1,1,0,3,3,3,2,0,0,159,6,4,2
174456,0,0,1,1,1,0,3,3,3,2,0,0,159,6,4,2
174986,0,0,1,1,1,0,3,3,3,2,0,0,158,6,4,2
175516,0,0,1,1,1,0,3,3,3,2,0,0,157,6,4,2
176046,0,0,1,1,1,0,3,3,3,2,0,0,158,6,4,2
176576,0,0,1,1,1,0,3,3,3,2,0,0,159,6,4,2
177106,0,0,1,1,1,0,3,3,3,2,0,0,158,6,4,2
177636,0,0,1,1,1,0,3,3,3,2,0,0,158,6,4,2
178166,0,0,1,1,1,0,3,3,3,2,0,0,157,6,4,2
178696,0,0,1,1,1,0,3,3,3,2,0,0,158,6,4,2
179228,0,0,1,1,1,0,3,3,3,2,0,0,159,6,4,2
179760,0,0,1,1,1,0,3,3,3,2,0,0,159,6,4,2
180290,0,0,1,1,1,0,2,3,3,2,0,0,159,6,3,2
180820,0,0,1,1,1,0,3,3,3,2,0,0,158,6,4,2
181350,0,0,1,1,1,0,2,3,3,2,0,0,158,6,3,2
181880,0,0,1,1,1,0,3,3,3,2,0,0,159,6,4,2
182410,0,0,1,1,1,0,3,3,3,2,0,0,159,6,4,2
182940,0,0,1,1,1,0,3,3,3,2,0,0,159,6,4,2
183470,0,0,1,1,1,0,3,3,3,2,0,0,159,6,4,2
184000,0,0,1,1,1,0,3,3,3,2,0,0,159,6,4,2
184530,0,0,1,1,1,0,3,3,3,2,0,0,159,6,4,2
185060,0,0,1,1,1,0,3,3,3,2,0,0,159,6,4,2
185590,0,0,1,1,1,0,3,3,3,2,0,0,160,6,4,2
186120,0,0,1,1,1,0,3,3,3,2,0,0,159,6,4,2
186650,0,0,1,1,1,0,3,3,3,2,0,0,160,6,4,2
187182,0,0,1,1,1,0,3,3,3,2,0,0,159,6,4,2
187712,0,0,1,1,1,0,3,3,3,2,0,0,159,6,4,2
188242,0,0,1,1,1,0,2,3,3,2,0,0,160,6,3,2
188774,0,0,1,1,1,0,3,3,3,2,0,0,159,6,4,2
189304,0,0,1,1,1,0,3,3,3,2,0,0,159,6,4,2
189834,0,0,1,1,1,0,3,3,3,2,0,0,159,6,4,2
190364,0,0,1,1,1,0,3,3,3,2,0,0,159,6,4,2
190896,0,0,1,1,1,0,3,3,3,2,0,0,159,6,4,2
191428,0,0,1,1,1,0,3,3,3,2,0,0,159,6,4,2
191958,0,0,1,1,1,0,3,3,3,2,0,0,159,6,4,2
192488,0,0,1,1,1,0,3,3,3,2,0,0,159,6,4,2
193018,0,0,1,1,1,0,3,3,3,2,0,0,159,6,4,2
193548,0,0,1,1,1,0,3,3,3,2,0,0,159,6,4,2
194078,0,0,1,1,1,0,3,3,3,2,0,0,159,6,4,2
194610,0,0,1,1,1,0,2,3,3,2,0,0,157,6,3,2
195140,0,0,1,1,1,0,2,3,3,2,0,0,155,6,3,2
195670,0,0,1,1,1,0,2,3,3,2,0,0,147,6,3,2
196200,0,0,1,1,1,0,2,2,3,2,0,0,143,5,3,2
196730,0,0,0,1,1,0,2,3,3,2,0,0,144,6,3,1
197260,0,0,1,1,1,0,2,2,3,2,0,0,140,5,3,1
197790,0,0,1,1,1,0,2,2,3,2,0,0,140,5,3,2
198320,0,0,1,1,1,0,2,2,3,2,0,0,139,5,3,2
198850,0,0,1,1,1,0,2,3,3,2,0,0,147,6,3,2
199380,0,0,1,0,1,0,2,3,3,2,0,0,143,6,3,1
199910,0,0,1,1,1,0,2,2,3,2,0,0,137,5,3,1
200440,0,0,0,1,1,0,2,2,3,2,0,0,139,5,3,1
200970,0,0,1,1,1,0,2,2,3,2,0,0,137,5,3,2
201500,0,0,1,1,1,0,2,2,3,2,0,0,137,5,3,2
202030,0,0,0,0,1,0,2,2,3,2,0,0,136,5,3,0
202560,0,0,1,1,1,0,2,3,3,2,0,0,143,6,3,2
203090,0,0,0,0,1,0,2,2,3,2,0,0,131,5,3,0
203620,0,0,0,1,1,0,2,2,3,2,0,0,143,5,3,1
204150,0,0,0,0,1,0,2,2,3,2,0,0,142,5,3,0
204680,0,0,0,0,1,0,2,2,3,2,0,0,140,5,3,1
205210,0,0,1,1,1,0,2,3,3,3,0,0,152,6,3,2
205740,0,0,1,1,1,0,2,3,3,2,0,0,146,6,3,2
206270,0,0,1,1,1,0,2,3,3,2,0,0,149,6,3,2
206800,0,0,1,1,1,0,2,3,3,2,0,0,151,6,3,2
207332,0,0,1,1,1,0,2,3,3,2,0,0,140,6,3,1
207862,0,0,0,0,1,0,2,2,3,2,0,0,136,5,3,0
208392,0,0,0,0,1,0,2,2,3,2,0,0,139,5,3,0
208922,0,0,0,0,1,0,2,2,3,2,0,0,136,5,3,0
209454,0,0,0,0,1,0,2,2,3,2,0,0,136,5,3,0
209984,0,0,1,1,1,0,2,3,3,2,0,0,149,6,3,1
210516,0,0,1,1,1,0,2,3,3,2,0,0,151,6,3,2
211048,0,0,1,1,1,0,2,3,3,2,0,0,145,6,3,2
211580,0,0,1,1,1,0,2,3,3,2,0,0,146,6,3,2
212110,0,0,1,1,1,0,2,3,3,2,0,0,145,6,3,1
212640,0,0,1,1,1,0,2,3,3,2,0,0,146,6,3,2
213170,0,0,0,0,1,0,2,2,3,2,0,0,136,5,3,1
213702,0,0,0,0,1,0,2,2,3,2,0,0,125,5,3,0
214232,0,0,0,0,1,0,2,2,2,2,0,0,128,4,3,0
214764,0,0,0,0,1,0,2,2,3,2,0,0,128,5,3,0
215294,0,0,1,1,1,0,2,3,3,3,0,0,155,6,3,2
215824,0,0,1,1,1,0,3,3,3,2,0,0,158,6,4,2
216354,0,0,1,1,1,0,2,3,3,2,0,0,149,6,3,2
216884,0,0,1,1,1,0,2,3,3,2,0,0,151,6,3,2
217416,0,0,1,1,1,0,2,3,3,2,0,0,157,6,3,2
217946,0,0,1,1,1,0,2,3,3,2,0,0,152,6,3,2
218476,0,0,1,1,1,0,2,3,3,2,0,0,150,6,3,2
219008,0,0,1,1,1,0,2,3,3,2,0,0,147,6,3,2
219540,0,0,1,1,1,0,2,3,3,2,0,0,149,6,3,2
220070,0,0,0,1,1,0,2,3,3,3,0,0,156,6,3,1
220600,0,0,0,0,1,0,2,3,3,3,0,0,150,6,3,1
221132,0,0,0,1,1,0,2,3,3,2,0,0,148,6,3,1
221662,0,0,0,1,1,0,2,3,3,2,0,0,145,6,3,1
222194,0,0,0,1,1,0,2,3,3,2,0,0,145,6,3,1
222724,0,0,0,0,1,0,2,3,3,2,0,0,144,6,3,0
223256,0,0,0,0,1,0,2,3,3,2,0,0,145,6,3,0
223786,0,0,0,0,1,0,2,3,3,2,0,0,145,6,3,0
224316,0,0,0,1,1,0,2,3,3,2,0,0,146,6,3,1
224846,0,0,0,1,1,0,2,3,3,2,0,0,147,6,3,1
225376,0,0,0,0,1,0,2,2,3,2,0,0,144,5,3,0
225906,0,0,0,0,1,0,2,3,3,2,0,0,141,6,3,0
226436,0,0,0,0,1,0,2,3,3,2,0,0,143,6,3,0
226968,0,0,0,0,1,0,2,3,3,2,0,0,148,6,3,1
227498,0,0,0,0,1,0,2,3,3,2,0,0,145,6,3,0
228028,0,0,0,0,1,0,2,3,3,3,0,0,151,6,3,1
228558,0,0,0,1,1,0,2,3,3,3,0,0,155,6,3,1
229088,0,0,0,0,1,0,2,3,3,3,0,0,157,6,3,1
229620,0,0,1,0,1,0,2,3,3,3,0,0,162,6,3,1
230152,0,0,1,1,1,0,3,3,4,3,0,0,182,7,4,2
230684,0,0,1,1,1,0,3,3,4,3,0,0,183,7,4,2
231214,0,0,0,1,1,0,3,3,4,3,0,0,175,7,4,1
231744,0,0,1,1,1,0,2,3,3,3,0,0,161,6,3,2
232274,0,0,1,1,1,0,2,3,4,3,0,0,171,7,3,1
232804,0,0,1,1,1,0,3,3,4,3,0,0,178,7,4,2
233334,0,0,1,1,1,0,2,3,4,3,0,0,170,7,3,2
233864,0,0,0,0,1,0,2,3,3,3,0,0,159,6,3,0
234394,0,0,1,1,1,0,2,3,3,3,0,0,158,6,3,2
234924,0,0,0,1,1,0,2,3,3,3,0,0,154,6,3,1
235454,0,0,0,1,1,0,2,3,3,3,0,0,161,6,3,1
235984,0,0,0,1,1,0,2,3,3,3,0,0,152,6,3,1
236516,0,0,1,1,1,0,2,3,3,3,0,0,150,6,3,2
237046,0,0,1,0,1,0,2,3,3,3,0,0,152,6,3,1
237578,0,0,0,1,1,0,2,3,3,3,0,0,155,6,3,1
238108,0,0,0,0,1,0,2,3,3,2,0,0,146,6,3,0
238638,0,0,1,1,1,0,2,3,3,2,0,0,146,6,3,2
239168,0,0,0,1,1,0,2,3,3,2,0,0,142,6,3,1
239698,0,0,0,0,1,0,2,2,3,2,0,0,138,5,3,0
240230,0,0,0,0,1,0,2,2,3,2,0,0,135,5,3,0
240762,0,0,0,0,1,0,2,2,3,2,0,0,135,5,3,0
241292,0,0,0,0,1,0,2,2,3,2,0,0,135,5,3,0
241822,0,0,0,0,1,0,2,2,3,2,0,0,134,5,3,0
242352,0,0,0,0,1,0,2,2,3,2,0,0,135,5,3,0
242882,0,0,0,0,1,0,2,2,3,2,0,0,134,5,3,0
243412,0,0,0,0,1,0,2,2,3,2,0,0,130,5,3,0
243942,0,0,0,0,1,0,2,2,3,2,0,0,137,5,3,0
244472,0,0,0,1,1,0,2,3,3,2,0,0,145,6,3,1
245002,0,0,1,1,1,0,2,3,3,2,0,0,146,6,3,2
245532,0,0,1,1,1,0,2,3,3,2,0,0,145,6,3,1
246062,0,0,1,1,1,0,2,3,3,2,0,0,146,6,3,2
246592,0,0,0,1,1,0,2,2,3,2,0,0,139,5,3,1
247122,0,0,0,0,1,0,2,2,3,2,0,0,129,5,3,0
247652,0,0,0,0,1,0,2,2,3,2,0,0,139,5,3,1
248182,0,0,0,0,1,0,2,2,3,2,0,0,137,5,3,0
248712,0,0,0,0,1,0,2,2,3,2,0,0,138,5,3,0
249242,0,0,0,0,1,0,2,2,3,2,0,0,130,5,3,0
249774,0,0,0,1,1,0,2,2,3,2,0,0,140,5,3,1
250306,0,0,0,1,1,0,2,2,3,2,0,0,143,5,3,1
250836,0,0,1,0,1,0,2,2,3,2,0,0,139,5,3,1
251366,0,0,1,1,1,0,2,2,3,2,0,0,138,5,3,1
251898,0,0,0,1,1,0,2,2,3,2,0,0,133,5,3,1
252428,0,0,0,0,1,0,2,2,3,2,0,0,137,5,3,0
252958,0,0,0,0,1,0,2,2,3,2,0,0,144,5,3,0
253490,0,0,0,0,1,0,2,2,3,2,0,0,135,5,3,0
254020,0,0,1,1,1,0,2,3,3,2,0,0,143,6,3,2
254550,0,0,1,1,1,0,2,3,3,2,0,0,152,6,3,2
255080,0,0,1,1,1,0,3,3,3,2,0,0,154,6,4,2
255612,0,0,1,1,1,0,2,3,3,2,0,0,156,6,3,2
256142,0,0,1,1,1,0,3,3,3,2,0,0,151,6,4,2
256674,0,0,1,1,1,0,2,3,3,2,0,0,149,6,3,2
257204,0,0,1,1,1,0,2,3,3,2,0,0,140,6,3,1
257736,0,0,0,0,1,0,2,2,3,2,0,0,135,5,3,0
258266,0,0,0,0,1,0,2,3,3,3,0,0,158,6,3,0
258796,0,0,1,1,1,0,2,3,4,3,0,0,175,7,3,1
259328,0,0,1,1,1,0,3,3,4,3,0,0,178,7,4,1
259858,0,0,1,1,1,0,3,3,4,3,0,0,177,7,4,2
260388,0,0,1,1,1,0,3,3,4,3,0,0,177,7,4,1
260918,0,0,1,1,1,0,3,3,4,3,0,0,175,7,4,2
261450,0,0,1,1,1,0,3,3,4,3,0,0,168,7,4,2
261980,0,0,1,1,1,0,2,3,3,2,0,0,154,6,3,2
262512,0,0,1,1,1,0,2,3,3,2,0,0,140,6,3,2
263044,0,0,0,0,1,0,2,2,3,2,0,0,127,5,3,0
263574,0,0,0,0,1,0,2,2,2,2,0,0,127,4,3,0
264104,0,0,0,0,1,0,2,2,3,2,0,0,129,5,3,0
264634,0,0,1,1,1,0,2,3,3,2,0,0,142,6,3,1
265164,0,0,1,1,1,0,2,3,3,2,0,0,144,6,3,2
265694,0,0,1,1,1,0,2,2,3,2,0,0,136,5,3,2
266224,0,0,1,1,1,0,2,2,3,2,0,0,137,5,3,2
266754,0,0,1,1,1,0,2,2,3,2,0,0,137,5,3,1
267284,0,0,1,1,1,0,2,2,3,2,0,0,136,5,3,2
267816,0,0,1,0,1,0,2,2,3,2,0,0,136,5,3,1
268346,0,0,0,1,1,0,2,2,3,2,0,0,137,5,3,1
268876,0,0,0,0,1,0,2,2,3,2,0,0,132,5,3,0
269408,3,4,8,12,23,13,44,58,111,102,15,4,4175,169,80,27
269938,4,8,17,21,38,20,99,130,184,169,24,11,7925,314,157,50
270468,4,8,18,22,40,21,104,136,196,177,25,12,8386,333,165,52
270998,4,8,18,22,40,22,106,139,198,178,25,12,8435,337,168,52
271528,4,8,18,22,39,21,103,134,193,173,25,12,8238,327,163,51
272058,4,8,18,22,39,21,103,134,193,174,25,12,8223,327,163,52
272588,4,8,17,21,38,21,102,132,191,171,24,12,8111,323,161,51
273118,4,8,17,21,38,20,101,131,188,165,24,12,7973,320,159,50
273648,4,8,19,23,41,23,109,141,203,174,24,12,8460,344,173,54
274178,5,10,24,28,52,29,140,178,254,217,30,14,10357,432,221,68
274710,4,8,20,22,39,21,118,151,194,147,21,12,8015,346,178,55
275240,2,5,13,15,26,15,75,96,129,107,15,7,5314,224,116,36
275770,4,8,18,23,41,23,106,136,201,178,25,12,8439,337,169,53
276300,5,9,20,25,45,24,120,153,221,195,27,13,9260,374,189,59
276830,4,9,20,24,43,23,117,150,215,189,26,13,8996,365,183,57
277360,5,9,20,24,43,23,116,149,214,185,26,13,8910,364,182,58
277890,0,0,2,0,1,0,12,14,5,3,0,1,364,20,13,2
278420,0,0,0,1,1,0,2,2,3,2,0,0,137,5,3,1
278950,0,0,0,0,1,0,2,2,2,2,0,0,129,4,3,0
279480,0,0,0,0,1,0,2,2,3,2,0,0,133,5,3,0
280010,0,0,0,0,1,0,2,2,3,2,0,0,146,5,3,0
280540,0,0,0,1,1,0,2,3,3,3,0,0,157,6,3,1
281070,0,0,1,1,1,0,2,3,4,3,0,0,167,7,3,2
281602,0,0,0,1,1,0,2,3,3,3,0,0,159,6,3,1
282132,0,0,1,1,1,0,2,3,3,2,0,0,150,6,3,2
282662,0,0,0,1,1,0,2,3,3,2,0,0,155,6,3,1
283192,0,0,1,1,1,0,2,3,3,2,0,0,157,6,3,2
283722,0,0,1,1,1,0,2,3,3,2,0,0,150,6,3,2
284252,0,0,1,1,1,0,2,3,3,2,0,0,144,6,3,2
284782,0,0,0,0,1,0,2,2,3,2,0,0,132,5,3,0
285312,0,0,0,0,1,0,2,2,3,2,0,0,131,5,3,0
285842,0,0,0,0,1,0,2,2,3,2,0,0,129,5,3,0
286372,0,0,0,0,1,0,2,2,3,2,0,0,127,5,3,0
286902,0,0,0,0,1,0,2,2,3,2,0,0,125,5,3,0
287432,0,0,0,0,1,0,2,2,3,2,0,0,129,5,3,0
287962,0,0,0,0,1,0,2,2,3,2,0,0,134,5,3,0
288492,0,0,0,0,1,0,2,2,3,2,0,0,130,5,3,0
289022,0,0,0,0,1,0,2,2,3,3,0,0,142,5,3,0
289554,0,0,1,0,1,0,3,3,4,3,0,0,184,7,4,1
290084,0,0,1,1,1,0,3,3,4,3,0,0,181,7,4,2
290616,0,0,1,1,2,1,4,5,9,10,1,0,349,14,7,3
291146,1,3,7,8,14,6,33,45,72,57,6,2,2289,117,53,19
291676,1,2,8,8,14,6,37,51,75,55,6,3,2371,126,57,20
292206,1,2,8,7,13,6,35,48,72,54,6,3,2265,120,54,18
292736,1,2,7,7,13,6,34,47,71,52,6,2,2234,118,53,17
293266,1,2,7,7,12,6,33,45,70,51,5,2,2194,115,51,17
293796,1,2,7,7,12,6,32,44,67,50,5,2,2127,111,49,17
294326,1,2,7,7,12,6,32,44,69,50,5,2,2168,113,50,17
294856,1,2,7,7,13,6,34,47,74,55,6,2,2337,121,53,17
295388,1,3,9,10,17,8,43,59,90,71,8,3,2878,149,68,23
295918,2,4,11,12,20,9,52,70,108,88,10,4,3456,179,81,28
296448,2,4,13,13,24,10,60,81,125,100,12,5,4025,206,94,33
296978,2,5,14,14,26,11,65,87,136,110,13,5,4443,223,102,35
297508,2,5,15,15,27,12,69,92,143,121,15,5,4672,235,108,38
298038,4,8,24,27,47,20,115,155,234,194,24,10,7862,389,181,63
298570,3,7,22,25,42,18,108,146,214,172,21,10,7198,360,168,58
299100,3,7,21,24,41,17,102,139,208,168,20,9,7012,347,161,56
299630,3,7,21,24,41,17,102,138,204,165,20,9,6930,342,159,55
300162,3,7,21,23,40,17,100,134,200,162,20,9,6796,334,157,54
300692,3,7,20,22,38,16,97,130,195,159,20,9,6592,325,151,52
301222,3,7,20,22,38,16,95,126,191,158,20,9,6468,317,149,52
301752,3,7,20,22,38,16,96,127,192,159,20,9,6501,319,150,52
302282,3,7,20,22,38,16,96,127,194,161,20,9,6532,321,150,52
302812,3,7,20,22,39,16,98,129,197,165,21,9,6632,327,153,52
303342,3,7,20,22,39,16,97,128,197,166,21,9,6575,325,152,53
303874,0,2,7,6,10,3,34,45,56,25,2,3,1751,101,47,15
304404,0,0,1,1,1,0,3,4,4,4,0,0,197,8,4,2
304934,0,0,0,1,1,0,3,3,4,3,0,0,187,7,4,1
305464,0,0,1,1,1,0,3,3,4,3,0,0,172,7,4,2
305994,0,0,0,1,1,0,2,3,4,3,0,0,179,7,3,1
306524,0,0,1,1,1,0,3,4,4,4,0,0,204,8,4,2
307054,0,0,1,1,1,0,3,3,4,4,0,0,192,7,4,2
307584,0,0,1,1,1,0,3,3,4,3,0,0,178,7,4,2
308114,0,0,1,1,1,0,3,3,4,3,0,0,177,7,4,2
308644,0,0,1,1,1,0,3,3,4,3,0,0,171,7,4,2
309174,0,0,1,1,1,0,3,3,4,4,0,0,191,8,4,2
309704,0,0,1,1,1,0,2,3,4,3,0,0,173,7,3,2
310234,0,0,1,1,1,0,3,3,4,3,0,0,169,7,4,2
310764,0,0,1,1,1,0,3,3,4,3,0,0,167,7,4,2
311294,0,0,1,1,1,0,2,3,4,3,0,0,168,7,3,2
311824,0,0,1,1,1,0,3,3,4,3,0,0,173,7,4,2
312354,1,4,9,12,21,11,44,57,97,91,10,3,3431,154,77,26
312884,3,7,20,23,39,18,99,129,188,155,17,7,6633,317,156,53
313414,3,8,23,26,44,20,113,150,215,176,19,8,7490,364,176,60
313946,3,7,21,23,40,18,105,140,198,157,17,8,6805,338,162,55
314476,3,7,21,23,40,18,102,137,199,159,17,7,6771,336,160,55
315006,3,7,20,22,38,18,99,135,195,154,16,7,6627,329,155,53
315536,3,7,21,23,39,18,100,137,200,159,17,7,6792,337,156,54
316066,3,7,21,23,40,18,100,136,202,164,18,7,6899,338,158,54
316596,3,8,24,25,44,19,116,156,223,181,20,8,7569,379,179,60
317128,3,7,22,24,41,18,108,146,206,168,18,8,6970,352,168,56
317658,3,7,22,23,40,17,107,144,201,164,18,8,6745,345,164,55
318188,2,6,19,19,32,13,94,126,164,120,12,6,5406,289,139,46
318718,0,0,2,1,2,0,7,10,7,5,0,0,350,17,9,3
319248,0,0,1,1,1,1,4,5,6,5,0,0,252,11,5,2
319778,0,0,1,1,2,0,4,5,6,6,0,0,276,11,6,2
320308,0,0,1,1,2,1,4,5,6,6,0,0,280,11,7,2
320838,0,0,1,1,1,0,4,5,6,6,0,0,283,11,5,2
321368,0,0,1,1,1,0,3,4,6,5,0,0,255,10,4,2
321898,0,0,1,1,1,0,3,4,6,5,0,0,253,10,4,2
322428,0,0,1,1,1,1,4,4,6,5,0,0,267,10,6,2
322960,0,0,1,1,1,0,4,4,6,5,0,0,266,10,5,2
323490,0,0,1,1,1,0,4,4,6,5,0,0,268,10,5,2
324020,0,0,1,1,1,1,4,5,6,5,0,0,271,11,5,2
324550,0,0,1,1,1,0,4,5,6,5,0,0,272,11,5,2
325080,0,0,1,1,1,1,4,4,6,5,0,0,273,10,6,2
325612,0,0,1,1,1,0,4,5,6,5,0,0,273,11,5,2
326144,0,0,1,1,1,1,4,5,6,5,0,0,275,11,6,2
326674,0,0,1,1,1,1,4,5,6,5,0,0,278,11,5,2
327204,0,0,1,1,1,1,4,5,6,5,0,0,277,11,5,2
327734,0,0,1,1,1,1,4,5,6,5,0,0,278,11,6,2
328264,0,0,1,1,1,1,4,5,6,5,0,0,279,11,6,2
328794,0,0,1,1,1,1,4,5,6,6,0,0,281,11,6,2
329324,0,0,1,1,1,0,4,5,6,6,0,0,283,11,5,2
329854,0,0,1,1,1,1,4,5,6,6,0,0,283,11,5,2
330384,0,0,1,1,1,1,4,5,6,6,0,0,283,11,5,2
330914,0,0,1,1,1,1,4,5,6,6,0,0,284,11,6,2
331444,0,0,1,1,1,0,4,5,6,6,0,0,283,11,5,2
331976,0,0,1,1,1,0,4,5,6,6,0,0,285,11,5,2
332506,0,0,1,1,1,1,4,5,6,6,0,0,283,11,6,2
333036,0,0,1,1,1,1,4,5,6,6,0,0,282,11,6,2
333566,0,0,1,1,1,1,3,5,6,6,0,0,283,11,5,2
334096,0,0,1,1,1,0,4,5,6,6,0,0,285,11,5,2
334626,0,0,1,1,1,0,4,5,6,6,0,0,287,11,5,2
335156,0,0,1,1,1,1,4,5,6,6,0,0,282,11,6,2
335688,0,0,1,1,1,0,4,5,6,6,0,0,282,11,5,2
336220,0,0,1,1,1,1,4,5,6,6,0,0,284,11,6,2
336750,0,0,1,1,1,1,4,5,6,6,0,0,288,11,6,2
337280,0,0,1,1,1,0,4,5,6,5,0,0,271,11,5,2
337810,0,0,1,1,1,0,3,4,5,5,0,0,235,9,4,2
338340,0,0,1,1,1,0,3,4,5,5,0,0,225,9,4,2
338872,0,0,1,1,1,0,3,4,5,5,0,0,230,9,4,2
339402,0,0,1,1,1,0,3,4,5,5,0,0,229,9,4,2
339934,0,0,1,1,1,0,3,4,5,5,0,0,229,9,4,2
340464,0,0,1,1,1,0,3,4,5,4,0,0,218,9,4,2
340994,0,0,1,1,1,0,3,4,5,4,0,0,217,9,4,2
341524,0,0,1,1,1,0,3,4,5,4,0,0,227,9,4,2
342054,0,0,1,1,1,0,3,4,5,5,0,0,234,9,4,2
342584,0,0,1,1,1,0,3,4,5,5,0,0,234,9,4,2
343114,0,0,1,1,1,0,3,4,5,5,0,0,230,9,4,2
343646,0,0,1,1,1,0,3,4,5,5,0,0,232,9,4,2
344176,0,0,1,1,1,0,3,4,5,5,0,0,232,9,4,2
344706,0,0,1,1,1,0,3,4,5,5,0,0,232,9,4,2
345236,0,0,1,1,1,0,3,4,5,5,0,0,232,9,4,2
345766,0,0,1,1,1,0,3,4,5,5,0,0,232,9,4,2
346296,0,0,1,1,1,0,3,4,5,5,0,0,232,9,4,2
346826,0,0,1,1,1,0,3,4,5,5,0,0,232,9,4,2
347356,0,0,1,1,1,0,3,4,5,5,0,0,234,9,4,2
347886,0,0,0,1,1,0,3,4,5,5,0,0,237,9,4,1
348416,0,0,1,1,1,0,3,4,5,5,0,0,239,9,4,2
348946,0,0,1,1,1,0,4,4,6,5,0,0,247,10,5,2
349476,0,0,1,1,1,0,3,4,5,5,0,0,244,9,4,2
350006,0,0,1,1,1,0,3,4,5,5,0,0,242,9,4,2
350536,0,0,1,1,1,1,3,4,6,5,0,0,252,10,5,2
351066,0,0,1,1,1,0,4,4,6,5,0,0,252,10,5,2
351596,0,0,1,1,1,1,4,5,6,5,0,0,253,11,5,2
352126,0,0,1,1,1,1,3,4,6,5,0,0,252,10,5,2
352656,0,0,1,1,1,1,4,4,6,5,0,0,252,10,6,2
353186,0,0,1,1,1,0,3,4,6,5,0,0,251,10,5,2
353718,0,0,1,1,1,1,4,4,6,5,0,0,251,10,6,2
354248,0,0,1,1,1,0,4,4,6,5,0,0,250,10,5,2
354778,0,0,1,1,1,0,3,4,6,5,0,0,250,10,4,2
355308,0,0,1,1,1,0,3,4,6,5,0,0,250,10,5,2
355838,0,0,1,1,1,0,3,4,6,5,0,0,251,10,4,2
356368,0,0,1,1,1,0,3,4,6,5,0,0,249,10,4,2
356900,0,0,1,1,1,0,3,4,6,5,0,0,249,10,4,2
357430,0,0,1,1,1,0,3,4,6,5,0,0,250,10,4,2
357960,0,0,1,1,1,0,3,4,6,5,0,0,250,10,4,2
358490,0,0,0,1,1,0,4,4,6,5,0,0,250,10,5,1
359020,0,0,1,1,1,1,3,4,6,5,0,0,250,10,5,2
359552,0,0,1,1,1,0,3,4,6,5,0,0,248,10,4,2
360082,0,0,1,1,1,0,3,4,6,5,0,0,251,10,4,2
360612,0,0,1,1,1,0,3,4,6,5,0,0,253,10,5,2
361142,0,0,1,1,1,0,4,4,6,5,0,0,252,10,5,2
361672,0,0,1,1,1,0,4,4,6,5,0,0,252,10,5,2
362202,0,0,1,1,1,0,3,4,6,5,0,0,252,10,5,2
362732,0,0,1,1,1,1,4,5,6,5,0,0,253,11,5,2
363262,0,0,1,1,1,0,4,4,6,5,0,0,254,10,5,2
363792,0,0,1,1,1,0,4,4,6,5,0,0,253,10,5,2
364322,0,0,1,1,1,0,3,4,6,5,0,0,254,10,4,2
364852,0,0,1,1,1,1,4,5,6,5,0,0,255,11,5,2
365382,0,0,1,1,1,0,3,5,6,5,0,0,254,11,5,2
365914,0,0,1,1,1,0,3,5,6,5,0,0,255,11,4,2
366444,0,0,1,1,1,0,4,5,6,5,0,0,257,11,5,2
366974,0,0,1,1,1,1,4,5,6,6,0,0,269,11,6,2
367506,0,0,1,1,1,1,4,5,6,6,0,0,278,11,6,2
368038,0,0,1,1,1,1,4,5,6,6,0,0,277,11,6,2
368568,0,0,1,1,1,1,4,5,6,6,0,0,281,11,6,2
369100,0,0,1,1,1,0,4,5,7,6,0,0,296,12,5,2
369632,0,0,1,1,1,0,4,5,7,6,0,0,297,12,6,2
370162,0,0,1,1,2,0,4,5,7,6,0,0,295,12,6,2
370692,0,0,1,1,1,1,4,5,7,6,0,0,296,12,6,2
371222,0,0,1,1,1,1,4,5,7,6,0,0,294,12,6,2
371752,0,0,1,1,1,1,4,5,6,6,0,0,287,11,6,2
372282,0,0,1,1,1,0,4,5,6,5,0,0,259,10,5,2
372812,0,0,1,1,1,0,3,4,5,5,0,0,231,9,4,2
373344,0,0,1,1,1,0,3,4,5,5,0,0,230,9,4,2
373874,0,0,1,1,1,0,3,4,6,5,0,0,258,10,4,2
374404,0,0,1,2,3,2,7,9,14,14,1,0,573,23,11,4
374934,4,7,19,23,41,19,86,114,204,193,23,8,7106,318,146,54
375464,5,10,29,32,54,22,137,185,272,209,25,12,9201,457,213,76
375994,3,7,22,25,42,18,104,143,214,165,20,9,7075,357,164,58
376524,4,7,22,26,43,19,105,144,217,169,20,9,7215,360,166,59
377054,3,8,23,25,42,17,107,145,209,158,19,10,7038,355,166,59
377584,1,2,8,7,12,5,38,50,59,38,4,3,2163,109,54,17
378114,0,0,1,1,2,2,6,7,10,16,2,0,506,17,10,2
378644,3,6,17,20,34,16,84,111,166,141,15,6,5728,277,134,46
379174,3,8,24,25,44,20,117,154,219,177,19,9,7566,373,180,60
379704,3,7,22,23,41,19,108,143,205,166,18,8,6958,348,167,55
380234,3,7,21,23,40,18,104,138,198,161,17,7,6735,337,161,54
380764,3,7,21,22,39,18,102,136,196,158,16,7,6629,332,158,53
381296,3,7,22,23,40,19,105,141,204,166,18,8,6925,345,164,55
381826,1,3,12,11,19,7,58,77,92,58,6,4,3124,169,83,26
382358,0,0,1,1,2,1,4,5,7,6,0,0,282,12,7,2
382888,0,0,1,1,1,0,4,5,6,5,0,0,260,11,6,2
383418,0,0,1,1,1,0,3,4,5,4,0,0,213,9,4,2
383948,0,0,1,1,1,0,3,4,5,4,0,0,215,9,4,2
384478,0,0,1,1,1,0,3,4,5,4,0,0,218,9,4,2
385008,0,0,1,1,1,0,3,4,5,4,0,0,215,9,4,2
385538,0,0,0,1,1,0,3,4,5,4,0,0,215,9,4,1
386068,0,0,1,1,1,0,3,4,5,4,0,0,216,9,4,2
386598,0,0,1,1,1,0,3,4,5,4,0,0,215,9,4,2
387128,0,0,1,1,1,0,3,4,5,4,0,0,211,9,4,2
387658,0,0,1,1,1,0,3,4,5,4,0,0,212,9,4,2
388188,0,0,1,1,1,0,3,4,5,4,0,0,211,9,4,2
388718,0,0,1,1,1,0,3,4,4,4,0,0,204,8,4,2
389248,0,0,1,1,1,0,3,4,5,4,0,0,200,9,4,2
389778,0,0,1,1,1,0,3,4,5,4,0,0,201,9,4,2
390308,0,0,0,1,1,0,3,4,5,4,0,0,202,9,4,1
390838,4,8,16,23,57,40,114,134,184,182,22,6,7551,318,210,51
391368,6,13,37,40,105,58,269,314,342,258,32,16,13774,655,432,97
391898,6,14,37,40,103,59,263,306,339,259,32,15,13709,645,425,96
392430,5,12,33,35,91,52,241,279,302,231,28,14,12266,581,384,86
392960,5,10,31,31,80,44,219,254,264,193,24,13,10868,518,344,77
393492,3,6,16,18,46,26,114,136,155,119,16,8,6361,292,186,43
394024,3,5,15,17,42,22,104,127,133,99,14,7,5231,259,168,41
394554,2,3,10,11,29,16,65,77,84,67,8,4,3434,161,110,27
395084,3,6,17,19,50,28,118,135,153,119,15,7,6229,288,195,46
395614,5,11,28,32,80,48,192,221,265,221,28,11,11018,486,320,76
396144,6,14,37,39,100,55,257,298,339,259,33,15,13874,637,412,96
396674,6,13,34,37,95,53,237,276,321,251,31,14,13172,597,385,90
397204,6,13,33,36,93,53,235,273,315,250,32,14,13050,589,380,88
397734,6,13,34,37,94,53,242,281,319,250,32,15,13208,600,388,90
398264,6,12,30,34,87,51,217,253,296,241,30,13,12381,549,354,82
398794,8,16,39,43,111,65,271,315,380,307,39,16,15635,694,447,105
399324,8,17,44,47,119,65,305,353,404,308,39,18,16631,757,489,115
399854,5,12,32,33,83,47,223,258,287,218,27,13,11927,545,353,81
400384,5,11,30,32,80,47,212,245,278,215,26,12,11500,523,339,78
400914,5,12,31,33,84,48,220,255,291,223,27,13,11957,546,353,81
401444,5,11,30,32,81,47,215,249,282,217,27,12,11666,531,343,78
401974,5,11,30,33,82,47,213,247,285,221,28,12,11782,532,343,79
402504,5,12,31,33,83,48,219,253,290,222,27,13,11984,544,350,81
403034,5,11,30,32,82,47,216,249,286,219,27,13,11798,536,345,79
403564,5,11,30,32,81,45,212,245,281,207,26,12,11451,527,337,77
404094,4,8,21,23,59,35,155,180,201,153,19,9,8322,381,250,56
404624,9,17,43,50,126,76,305,354,427,345,43,18,17389,781,507,120
405154,11,23,59,68,169,98,417,485,570,448,57,25,22889,1055,685,161
405684,11,24,64,69,172,97,449,524,582,446,57,28,23252,1106,717,168
406214,12,25,68,71,179,100,481,566,618,466,60,30,23882,1184,760,175
406744,10,20,51,57,146,85,370,438,507,395,49,22,20498,946,601,139
407274,12,25,64,71,184,105,458,531,623,480,59,28,25262,1154,747,172
407804,13,25,68,72,183,109,485,569,629,500,63,30,26101,1198,777,178
408334,12,24,63,68,171,100,454,535,592,464,59,28,24369,1128,725,166
408864,12,24,63,69,174,100,452,533,603,462,59,28,24440,1136,726,168
409394,11,23,60,66,167,95,431,509,576,441,56,27,23320,1085,693,160
409924,11,22,59,64,162,93,421,496,561,431,55,26,22731,1057,675,156
410454,11,22,58,63,160,92,415,489,553,426,54,26,22430,1042,667,154
410984,11,22,59,64,162,94,420,495,561,430,55,26,22709,1055,675,156
411514,11,22,59,64,163,94,421,497,562,431,55,26,22774,1059,678,156
412044,11,23,59,65,163,94,421,497,563,433,55,26,22844,1060,679,158
412574,11,23,59,65,163,94,422,497,563,431,55,26,22828,1060,679,158
413104,10,22,58,63,158,91,410,483,545,418,53,25,22175,1028,659,153
413634,10,22,57,62,156,89,405,477,538,410,52,25,21862,1015,651,151
414164,10,21,55,60,153,88,394,464,526,405,51,24,21405,990,635,147
414694,10,22,56,62,156,90,401,472,535,411,52,25,21782,1007,647,150
415226,10,21,57,61,155,89,401,472,532,407,52,25,21688,1005,645,149
415756,10,20,53,58,147,84,379,446,505,386,49,23,20564,951,611,142
416286,9,20,52,56,142,82,369,434,488,374,47,23,19937,922,593,137
416816,10,20,53,58,146,84,380,447,501,386,49,23,20535,948,610,141
417346,10,22,56,62,155,90,396,466,532,411,52,25,21678,998,642,149
417878,11,22,58,64,162,93,412,484,551,426,54,25,22508,1034,667,155
418408,11,22,59,64,163,93,419,491,556,426,54,26,22723,1048,676,157
418938,11,23,60,65,166,95,425,499,564,433,55,26,23052,1063,685,159
419468,11,23,61,67,169,97,433,507,576,444,56,26,23534,1084,699,161
419998,11,24,62,67,171,99,439,514,584,451,57,27,23866,1099,709,164
420528,11,23,60,66,168,96,430,504,572,442,55,26,23392,1076,695,160
421058,12,24,64,70,181,104,459,538,616,477,60,28,25009,1153,743,171
421588,12,26,69,75,190,104,489,573,653,477,60,30,26029,1226,783,181
422118,1,5,25,16,42,12,182,222,148,61,7,12,6632,370,236,48
422650,0,0,1,1,1,0,3,4,5,4,0,0,208,9,4,2
423180,0,0,1,1,1,0,3,4,5,4,0,0,223,9,4,2
423710,0,0,1,1,1,0,3,4,5,5,0,0,233,9,4,2
424240,0,0,1,1,1,0,3,4,5,5,0,0,233,9,4,2
424770,0,0,1,1,1,0,3,4,5,5,0,0,232,9,4,2
425300,0,0,1,1,1,0,3,4,5,5,0,0,232,9,4,2
425830,0,0,1,1,1,0,3,4,5,5,0,0,228,9,4,2
426360,0,0,1,1,1,0,3,4,5,4,0,0,218,9,4,2
426890,0,0,1,1,1,0,3,4,5,5,0,0,230,9,4,2
427420,0,0,1,1,2,0,4,5,6,6,0,0,280,11,6,2
427950,0,0,1,1,2,1,4,5,7,6,0,0,296,12,7,2
428480,0,0,1,1,2,0,4,5,7,6,1,0,295,12,6,2
429010,0,0,1,1,2,1,4,5,7,6,0,0,294,12,7,2
429540,0,0,1,1,2,0,4,5,7,6,1,0,295,12,6,2
430070,0,0,1,1,2,0,4,5,7,6,1,0,295,12,6,2
430600,0,0,1,1,2,0,4,5,7,6,1,0,297,12,6,2
431130,0,0,1,1,2,1,4,5,7,6,0,0,300,12,7,2
431660,0,0,1,1,2,1,4,5,7,6,1,0,302,12,6,2
432190,0,0,1,1,2,0,4,5,7,6,0,0,306,12,6,2
432720,0,0,1,1,2,1,4,5,7,6,0,0,312,12,7,2
433252,0,0,1,1,2,1,4,5,7,6,1,0,314,12,7,2
433782,0,0,1,1,2,1,4,6,7,6,1,0,316,13,7,2
434312,0,0,1,1,2,1,4,6,7,7,1,0,318,13,7,2
434842,0,0,1,1,2,1,4,5,7,6,1,0,318,12,7,2
435372,0,0,1,1,2,1,4,5,7,6,1,0,313,12,7,2
435902,0,0,1,1,2,1,4,5,7,6,1,0,311,12,7,2
436432,0,0,1,1,2,1,4,5,7,6,1,0,313,12,7,2
436962,0,0,1,1,2,1,4,5,7,6,1,0,313,12,7,2
437492,0,0,1,1,2,1,4,5,7,6,1,0,315,12,7,2
438022,0,0,1,1,2,1,4,5,7,6,1,0,313,12,7,2
438552,0,0,1,1,2,1,4,5,7,6,1,0,309,12,7,2
439082,0,0,1,1,2,1,4,5,7,6,1,0,312,12,7,2
439612,0,0,1,1,2,1,4,5,7,6,1,0,311,12,7,2
440142,0,0,1,1,2,1,4,6,7,6,1,0,312,13,7,2
440672,0,0,1,1,2,1,4,5,7,6,0,0,292,12,6,2
441202,0,0,1,1,1,0,4,4,5,5,0,0,249,10,5,2
441732,0,0,1,1,1,0,3,4,5,5,0,0,231,9,4,2
442264,0,0,1,1,1,0,3,4,5,5,0,0,234,9,4,2
442794,0,0,0,1,1,0,3,4,5,5,0,0,228,9,4,1
443324,0,0,0,1,1,0,3,4,5,5,0,0,229,9,4,1
443856,0,0,1,1,1,0,3,4,5,5,0,0,229,9,4,2
444386,0,0,1,1,1,0,3,4,5,5,0,0,230,9,4,2
444916,0,0,1,1,1,0,3,4,5,5,0,0,230,9,4,2
445446,0,0,1,1,1,0,3,4,5,5,0,0,231,9,4,2
445978,0,0,1,1,1,0,3,4,5,5,0,0,231,9,4,2
446508,0,0,0,1,1,0,3,4,5,5,0,0,231,9,4,1
447038,0,0,1,1,1,0,3,4,5,5,0,0,230,9,4,2
447568,0,0,1,1,1,0,3,4,5,5,0,0,230,9,4,2
448100,0,0,1,1,1,0,3,4,5,5,0,0,243,9,4,2
448630,0,0,1,1,2,1,4,5,6,6,0,0,290,11,6,2
449160,0,0,1,1,2,1,4,6,7,6,1,0,320,13,7,2
449690,0,0,1,1,2,1,4,6,7,7,1,0,324,13,7,2
450220,0,0,1,1,2,0,4,6,7,7,1,0,320,13,6,2
450750,0,0,1,1,2,1,4,5,7,7,1,0,321,12,7,2
451280,0,0,1,1,2,1,4,6,7,7,1,0,323,13,7,2
451810,0,0,1,1,2,1,4,5,7,6,0,0,318,12,7,2
452340,0,0,1,1,2,1,4,5,7,6,1,0,314,12,7,2
452872,0,0,1,1,2,1,4,5,7,6,0,0,296,12,6,2
453402,0,0,1,1,2,1,4,5,6,6,0,0,285,11,7,2
453932,0,0,1,1,2,0,4,5,6,6,0,0,283,11,6,2
454462,0,0,1,1,2,1,4,5,6,6,0,0,273,11,6,2
454992,0,0,1,1,1,0,4,4,6,5,0,0,253,10,5,2
455522,0,0,1,1,1,0,3,4,5,5,0,0,243,9,4,2
456052,0,0,1,1,1,0,3,4,6,5,0,0,244,10,4,2
456582,0,0,1,1,1,0,3,4,6,5,0,0,245,10,4,2
457112,0,0,1,1,1,0,4,4,6,5,0,0,249,10,5,2
457642,0,0,1,1,1,0,3,4,6,5,0,0,252,10,4,2
458172,0,0,1,1,1,1,4,5,6,5,0,0,257,11,5,2
458702,0,0,1,1,1,1,4,5,6,5,0,0,260,11,6,2
459232,0,0,1,1,1,1,4,5,6,5,0,0,261,11,6,2
459762,0,0,1,1,1,0,4,5,6,5,0,0,262,11,5,2
460292,0,0,1,1,1,1,4,5,6,5,0,0,263,11,6,2
460822,0,0,1,1,1,0,4,5,6,5,0,0,254,11,5,2
461352,0,0,1,1,1,0,3,4,5,5,0,0,241,9,4,2
461882,0,0,1,1,1,0,3,4,5,5,0,0,232,9,4,2
462412,0,0,1,1,1,0,3,4,5,5,0,0,232,9,4,2
462942,0,0,1,1,1,0,3,4,5,5,0,0,234,9,4,2
463472,0,0,1,1,1,0,3,4,5,5,0,0,235,9,4,2
464002,0,0,1,1,1,0,3,4,5,5,0,0,235,9,4,2
464532,0,0,1,1,1,0,3,4,5,5,0,0,235,9,4,2
465062,0,0,1,1,1,0,3,4,5,5,0,0,235,9,4,2
465592,0,0,0,1,1,0,3,4,5,5,0,0,235,9,4,1
466122,0,0,1,1,1,0,3,4,5,5,0,0,235,9,4,2
466654,0,0,1,1,1,0,3,4,5,5,0,0,236,9,4,2
467184,0,0,1,1,1,0,3,4,5,5,0,0,236,9,4,2
467714,0,0,1,1,1,0,3,4,5,5,0,0,237,9,4,2
468244,0,0,1,1,1,0,3,4,5,5,0,0,237,9,4,2
468774,0,0,1,1,1,0,3,4,5,5,0,0,236,9,4,2
469304,0,0,1,1,1,0,3,4,5,5,0,0,228,9,4,2
469834,0,0,1,1,1,0,3,4,5,4,0,0,219,9,4,2
470364,0,0,1,1,1,0,3,4,5,5,0,0,229,9,4,2
470894,0,0,1,1,1,1,4,5,6,6,0,0,261,11,6,2
471424,0,0,1,1,1,0,3,4,5,4,0,0,229,9,4,2
471954,0,0,1,1,1,0,3,4,5,4,0,0,214,9,4,2
472486,0,0,1,1,1,0,3,4,5,5,0,0,218,9,4,2
473016,0,0,1,1,1,0,3,4,5,5,0,0,218,9,4,2
473548,0,0,1,1,1,0,3,4,5,5,0,0,212,9,4,2
474078,0,0,1,1,1,0,3,4,5,4,0,0,208,9,4,2
474608,0,0,0,1,1,0,3,4,5,4,0,0,209,9,4,1
475138,0,0,1,1,1,0,3,4,5,4,0,0,208,9,4,2
475668,0,0,1,1,1,0,3,4,5,4,0,0,208,9,4,2
476198,0,0,1,1,1,0,3,4,5,4,0,0,205,9,4,2
476728,0,0,1,1,1,0,3,4,5,4,0,0,202,9,4,1
477260,0,0,0,1,1,0,3,4,5,4,0,0,204,9,4,1
477792,0,0,1,1,1,0,3,4,5,4,0,0,205,9,4,2
478322,0,0,1,1,1,0,3,4,5,4,0,0,204,9,4,2
478852,0,0,0,1,1,0,3,3,5,4,0,0,198,8,4,1
479382,0,0,1,1,1,0,3,4,5,4,0,0,202,9,4,2
479912,0,0,1,1,1,0,3,4,5,4,0,0,209,9,4,2
480442,3,8,22,28,45,28,70,77,104,105,12,3,4534,181,143,61
480974,10,34,109,116,189,91,351,372,459,333,38,17,18478,831,631,270
481504,16,50,171,169,280,143,569,607,685,530,58,28,24469,1291,992,406
482034,11,38,156,130,212,99,509,543,521,361,41,25,21767,1063,820,336
482564,12,41,142,136,221,102,459,489,544,376,43,22,22117,1033,783,330
483094,12,40,141,136,219,104,453,484,540,381,44,22,22004,1025,776,330
483624,15,47,164,158,257,124,524,557,640,468,53,26,26054,1196,906,383
484154,16,51,182,172,282,131,582,617,703,498,57,28,27925,1320,995,421
484684,16,51,178,170,280,132,570,606,693,502,58,28,27707,1298,982,414
485214,17,53,188,178,294,138,601,640,727,525,60,30,28166,1367,1033,436
485744,17,54,190,180,298,140,609,648,737,533,61,30,28180,1385,1046,441
486274,25,73,246,243,406,202,796,849,1008,774,90,40,28624,1857,1403,587
486804,47,125,404,406,671,325,1324,1424,1656,1234,149,76,29652,3079,2320,983
487334,34,105,369,351,581,268,1225,1325,1433,1025,120,66,29323,2758,2074,859
487864,31,95,328,319,529,252,1085,1169,1308,959,112,56,29118,2477,1866,773
488394,36,105,389,346,574,273,1277,1367,1424,1036,122,71,29354,2791,2124,876
488924,43,118,377,380,626,301,1237,1318,1555,1141,137,68,29462,2874,2164,918
489454,30,94,337,309,514,236,1096,1161,1287,906,106,58,29059,2449,1846,771
489984,24,77,272,254,419,194,876,928,1053,751,88,44,28673,1981,1488,627
490516,28,83,274,277,456,224,891,950,1141,851,99,45,28814,2091,1572,662
491046,35,104,359,347,572,274,1184,1269,1424,1036,121,63,29291,2693,2030,846
491576,49,125,401,404,661,327,1322,1418,1638,1218,148,75,29619,3055,2310,979
492108,66,155,478,479,770,377,1562,1671,1890,1381,176,106,30019,3562,2709,1177
492638,35,102,369,334,549,252,1213,1300,1366,950,112,69,29201,2666,2014,840
493170,4,19,82,61,101,38,259,274,238,137,15,12,10177,512,398,166
493700,2,9,31,33,54,24,106,117,132,99,10,5,5348,250,184,75
494230,0,0,1,1,1,0,3,4,5,4,0,0,201,9,4,2
494760,0,0,0,1,1,0,3,4,5,4,0,0,204,9,4,1
495290,0,0,1,1,1,0,3,4,5,4,0,0,206,9,4,2
495820,0,0,1,1,1,0,3,4,6,5,0,0,235,10,5,2
496350,0,0,1,1,2,1,4,5,7,6,0,0,277,12,7,2
496880,0,0,1,1,2,1,4,5,7,6,0,0,285,12,7,2
497410,0,0,1,1,1,1,4,5,6,5,0,0,266,11,6,2
497940,0,0,1,1,1,1,4,5,6,5,0,0,260,11,6,2
498470,0,0,0,1,1,0,3,4,5,5,0,0,239,9,4,1
499000,0,0,1,1,1,0,3,4,5,5,0,0,221,9,4,2
499530,0,0,1,1,1,0,3,4,5,5,0,0,225,9,4,2
500060,0,0,1,1,1,0,3,4,5,5,0,0,225,9,4,2
500590,0,0,1,1,1,0,3,4,4,4,0,0,200,8,4,2
501120,0,0,1,1,1,0,3,4,5,4,0,0,205,8,4,2
501650,0,0,1,1,1,0,3,4,5,5,0,0,220,9,4,2
502180,0,0,0,1,1,0,3,4,5,4,0,0,209,9,4,1
502710,0,0,1,1,1,0,3,4,5,4,0,0,203,9,4,2
503240,0,0,1,1,1,0,3,4,5,4,0,0,203,9,4,2
503770,0,0,1,1,1,0,3,4,5,4,0,0,203,9,4,2
504300,0,0,0,1,1,0,3,4,5,4,0,0,203,9,4,1
504832,0,0,1,1,1,0,3,4,5,4,0,0,206,9,4,2
505362,0,0,1,1,1,0,3,4,5,4,0,0,206,9,4,2
505892,0,0,1,1,1,0,3,4,5,4,0,0,208,9,4,2
506422,0,0,1,1,1,0,3,4,5,4,0,0,208,9,4,2
506952,0,0,1,1,1,0,3,4,5,4,0,0,207,9,4,2
507482,0,0,1,1,1,0,3,4,5,4,0,0,206,9,4,2
508012,0,0,1,1,1,0,3,4,5,4,0,0,205,9,4,2
508542,0,0,1,1,1,0,3,3,5,4,0,0,199,8,4,2
509072,0,0,1,1,1,0,3,3,5,4,0,0,199,8,4,1
509602,0,0,1,1,1,0,3,3,5,4,0,0,200,8,4,2
510132,0,0,1,2,2,1,4,5,7,7,1,0,293,12,6,3
510662,1,5,16,18,25,10,41,49,74,65,10,4,2937,122,76,40
511194,3,12,42,40,60,22,112,131,181,134,20,11,6987,311,195,97
511724,3,11,39,38,55,22,106,121,168,132,20,11,6589,289,183,91
512254,4,13,48,45,67,27,136,153,203,155,23,13,8020,356,231,110
512784,4,13,49,47,69,27,134,152,207,152,23,13,8083,359,229,113
513314,4,13,47,44,66,25,127,146,198,144,22,13,7731,344,218,108
513844,3,11,41,39,57,22,112,130,176,129,19,11,6906,306,191,94
514374,4,14,46,46,70,27,125,147,210,156,24,13,8123,356,222,109
514904,3,13,48,43,62,22,127,147,184,128,19,13,7159,331,211,108
515434,2,7,26,24,26,12,43,53,88,88,15,7,3589,141,81,59
515966,3,12,43,41,47,16,79,95,140,107,20,10,5346,235,142,99
516496,5,21,81,72,80,26,139,161,231,184,35,20,9569,392,245,179
517026,8,32,121,111,121,40,208,236,346,278,52,31,14299,583,369,272
517556,8,36,139,125,139,42,240,272,392,294,55,35,15911,663,422,309
518086,10,43,159,148,161,47,261,304,452,340,65,40,17945,756,469,360
518616,8,35,137,120,130,39,225,267,375,279,52,34,14969,641,394,300
519146,7,29,116,102,110,33,193,232,319,238,45,28,12671,552,336,254
519676,5,23,91,79,84,26,153,184,248,188,35,22,9944,432,263,197
520206,11,39,132,134,148,50,213,262,416,358,69,32,15874,678,411,315
520736,14,58,224,201,215,65,342,413,608,475,91,57,23947,1021,623,496
521266,12,50,196,174,186,56,306,372,540,405,76,51,21519,912,548,431
521796,9,36,154,128,136,39,243,293,396,292,56,39,15511,689,417,326
522326,5,20,78,71,76,25,129,156,223,182,34,20,8327,379,230,173
522856,8,30,110,109,115,36,178,211,340,272,52,28,12169,551,329,257
523388,9,36,138,131,137,41,222,261,404,308,59,36,14493,665,400,314
523918,9,34,131,122,127,38,206,247,380,290,55,34,13667,627,371,295
524448,7,29,112,105,112,33,184,222,327,252,48,29,11795,549,329,253
524978,8,28,109,104,108,35,176,222,291,251,49,29,11480,512,319,248
525508,6,23,87,85,91,28,139,175,237,212,42,24,9677,412,258,202
526038,7,24,89,87,96,29,145,181,242,220,43,24,9999,424,269,207
526568,7,24,91,88,98,31,153,190,242,225,43,25,10154,433,281,209
527098,7,24,91,91,99,33,151,187,262,220,42,24,9986,448,283,213
527628,10,37,128,129,139,43,201,248,403,322,62,33,15445,651,383,304
528160,9,42,168,141,148,45,265,319,443,318,63,43,18030,762,458,360
528690,14,58,216,200,211,69,337,402,629,478,92,56,24488,1030,617,488
529220,15,60,228,205,215,69,355,424,646,488,94,59,24980,1070,640,508
529750,12,52,203,181,188,56,314,378,565,414,80,53,22052,943,558,449
530280,12,47,179,164,171,53,275,331,509,388,75,47,19850,840,499,402
530812,10,44,171,153,158,47,262,317,475,353,69,44,18581,792,468,378
531344,9,40,158,139,144,42,241,292,428,308,60,41,16743,720,427,347
531876,0,4,22,13,15,3,36,44,43,22,3,5,1769,87,54,39
532406,0,0,1,1,1,0,3,4,5,5,0,0,230,9,4,2
532936,0,0,1,1,1,1,3,4,5,5,0,0,239,9,5,2
533466,0,0,1,1,1,0,3,4,5,4,0,0,221,9,4,2
533996,0,0,1,1,1,0,3,3,5,4,0,0,201,8,4,1
534526,0,0,1,1,1,0,3,3,5,4,0,0,201,8,4,2
535056,0,0,1,1,1,0,3,3,5,4,0,0,201,8,4,2
535586,0,0,1,1,1,0,3,3,5,4,0,0,198,8,4,2
536116,0,0,0,1,1,0,3,3,5,4,0,0,200,8,4,1
536648,0,0,1,1,1,0,3,3,5,4,0,0,201,8,4,2
537180,0,0,1,1,1,0,3,4,5,4,0,0,200,9,4,2
537710,0,0,1,1,1,0,3,4,5,4,0,0,202,9,4,2
538240,0,0,1,1,1,0,3,4,5,4,0,0,214,9,4,2
538770,0,0,1,1,1,0,4,4,6,6,0,0,249,10,5,2
539300,0,0,1,1,1,1,4,5,6,5,0,0,257,11,6,2
539832,0,0,1,1,1,1,4,5,6,5,0,0,251,11,6,2
540362,0,0,1,1,1,1,4,5,6,5,0,0,251,11,6,2
540892,0,0,1,1,1,1,4,5,6,5,0,0,250,11,6,2
541424,0,0,1,1,1,0,4,4,6,5,0,0,246,10,5,2
541954,0,0,1,1,1,0,4,4,6,5,0,0,244,10,5,2
542484,0,0,1,1,1,0,3,4,6,5,0,0,244,10,4,2
543014,0,0,1,1,1,0,3,4,6,5,0,0,238,10,4,2
543544,0,0,1,1,1,0,3,4,6,5,0,0,232,10,4,2
544074,0,0,1,1,1,0,3,4,5,4,0,0,211,9,4,2
544604,0,0,1,1,1,0,3,4,5,4,0,0,192,9,4,2
545134,0,0,1,1,1,0,3,4,5,4,0,0,210,9,4,2
545664,0,0,1,1,1,0,3,4,5,4,0,0,209,9,4,2
546196,0,0,1,1,1,0,3,4,5,4,0,0,209,8,4,1
546726,0,0,1,1,2,0,4,5,6,6,1,0,254,11,6,2
547256,0,0,1,1,1,0,3,4,5,4,0,0,221,9,4,2
547786,0,0,1,1,1,0,3,4,5,5,0,0,221,9,4,2
548316,0,0,1,1,1,0,3,4,5,4,0,0,215,9,4,2
548846,0,0,1,1,1,0,3,4,5,5,0,0,218,9,4,2
549376,0,0,1,1,1,0,3,4,5,5,0,0,220,9,4,2
549906,0,0,1,1,1,0,3,4,4,4,0,0,200,8,4,2
550436,0,0,1,1,1,0,3,4,4,4,0,0,192,8,4,2
550966,0,0,1,1,1,0,3,3,4,4,0,0,190,7,4,1
551496,0,0,0,1,1,0,3,3,4,4,0,0,190,7,4,1
552026,0,0,1,1,1,0,3,4,5,4,0,0,204,9,4,2
552554,0,0,1,1,1,0,3,4,5,4,0,0,210,9,4,2
553086,0,0,1,1,1,0,3,4,5,4,0,0,210,9,4,2
553616,0,0,1,1,1,0,3,4,5,4,0,0,213,9,4,2
554146,0,0,1,1,1,0,3,4,5,4,0,0,213,9,4,2
554676,0,0,1,1,1,0,3,4,5,4,0,0,211,9,4,2
555206,0,0,1,1,1,0,3,4,5,4,0,0,213,9,4,2
555736,0,0,1,1,1,0,3,4,5,4,0,0,202,9,4,2
556266,0,0,1,1,1,0,3,4,4,4,0,0,193,8,4,2
556796,0,1,1,2,2,1,5,8,24,37,5,0,817,32,9,4
557326,6,11,18,23,23,11,103,193,436,381,45,17,12660,629,138,57
557858,8,16,31,34,37,18,176,319,626,512,62,28,18880,945,231,89
558388,7,14,27,29,32,14,153,276,532,429,52,24,15924,808,199,77
558918,6,12,22,25,28,13,124,224,454,382,46,18,13375,678,164,65
559448,7,15,31,34,40,17,165,290,569,454,56,25,16750,860,222,87
559978,10,20,40,43,50,22,214,377,739,626,78,33,22202,1116,286,113
560508,14,25,47,54,60,28,252,448,939,816,101,39,25898,1386,340,139
561038,22,41,82,93,112,52,435,742,1476,1233,157,66,28584,2218,599,238
561568,22,44,85,95,110,45,464,810,1620,1299,162,73,28696,2430,620,246
562098,25,42,73,86,92,45,409,751,1592,1382,171,68,28659,2342,546,226
562628,161,215,236,364,340,215,978,1667,3390,2813,438,288,30534,5057,1533,976
563158,24,52,115,113,141,63,576,1000,1763,1256,162,104,28907,2763,780,304
563688,12,27,66,64,87,29,315,498,891,667,84,42,23484,1389,431,170
564218,9,19,37,40,43,19,202,367,730,582,71,31,21318,1097,264,105
564748,7,14,29,30,34,15,156,281,537,429,52,24,15812,818,205,80
565278,12,23,45,52,61,28,244,430,881,755,94,38,24591,1311,333,132
565808,28,47,79,93,95,47,445,820,1743,1484,184,77,28813,2563,587,247
566340,22,41,75,84,85,39,429,797,1614,1308,160,73,28676,2411,553,222
566870,15,30,57,62,66,29,321,586,1144,907,111,52,28197,1730,416,163
567400,5,12,29,27,29,11,163,293,484,322,39,25,14137,777,203,74
567930,0,1,2,3,3,1,15,25,39,34,4,2,1276,64,19,6
568460,0,0,1,1,1,0,3,4,5,4,0,0,216,9,4,2
568990,0,0,0,1,1,0,3,4,5,4,0,0,212,9,4,1
569522,0,0,1,1,1,0,3,4,5,5,0,0,225,9,4,2
570052,0,0,1,1,1,0,4,4,5,5,0,0,234,10,5,2
570582,0,0,1,1,1,0,3,4,6,5,0,0,232,10,4,2
571112,0,0,1,1,1,0,3,4,6,5,0,0,224,10,4,2
571644,0,0,1,1,1,0,3,4,5,4,0,0,213,9,4,2
572174,0,0,1,1,1,0,3,4,5,4,0,0,207,9,4,2
572704,0,0,1,1,1,0,3,4,5,4,0,0,198,9,4,2
573234,0,0,1,1,1,0,3,4,5,4,0,0,201,9,4,2
573764,0,0,1,1,2,0,4,5,6,5,0,0,233,11,5,2
574294,0,0,1,1,2,0,4,5,6,5,0,0,242,11,6,2
574824,0,0,1,1,2,1,4,5,7,6,0,0,255,12,7,2
575356,0,0,1,1,2,1,5,8,10,10,1,0,370,17,9,2
575886,1,3,8,9,16,8,32,43,59,54,7,3,2344,102,56,21
576416,1,5,16,16,27,13,55,62,77,52,5,4,3639,139,96,38
576948,2,7,24,25,43,22,87,94,106,77,8,4,4533,200,152,58
577478,2,8,28,24,45,21,100,106,108,71,7,5,4622,214,165,61
578008,2,7,26,24,44,21,92,99,106,73,7,4,4507,205,158,59
578538,2,7,25,23,42,20,88,95,101,70,7,4,4315,196,151,56
579068,2,6,23,21,38,19,81,87,93,64,6,4,3974,180,139,52
579598,2,6,22,20,37,18,79,84,90,63,6,4,3853,174,134,50
580128,2,6,22,20,37,18,79,84,90,62,6,4,3858,174,135,50
580658,2,6,22,21,39,19,80,85,93,65,6,4,3958,178,138,51
581188,2,7,25,24,44,21,92,98,107,75,7,4,4504,205,157,59
581718,2,7,24,23,42,20,88,94,101,70,7,4,4257,194,150,56
582248,2,6,23,21,39,19,82,88,94,65,6,4,3987,182,140,52
582778,2,6,22,21,38,18,80,85,92,64,6,4,3898,178,136,51
583308,2,6,22,20,37,18,78,84,91,64,6,4,3834,174,134,50
583838,2,7,23,22,41,20,84,91,98,69,7,4,4131,188,145,54
584368,2,7,24,23,43,21,88,94,103,72,7,4,4360,197,152,56
584898,2,8,26,24,45,22,95,101,108,75,7,4,4598,209,161,60
585428,4,9,29,31,55,28,107,117,153,140,17,7,6871,270,190,74
585958,8,19,56,57,104,48,229,304,437,363,45,19,14266,740,381,139
586488,7,18,53,53,97,44,219,297,422,337,41,18,13700,719,361,131
587018,7,18,53,53,98,45,221,300,426,340,41,18,13842,725,364,131
587548,7,16,50,50,92,42,209,283,398,317,38,17,12986,681,343,124
588078,6,16,49,48,89,41,202,273,385,310,37,16,12598,658,332,120
588608,6,15,47,46,85,39,197,265,375,298,35,16,12300,640,321,115
589138,3,12,39,39,69,25,160,207,257,140,16,12,8693,464,254,94
589668,1,3,12,11,18,7,44,47,45,28,3,2,1971,92,69,27
590198,0,1,3,3,5,2,12,16,19,16,2,1,699,35,19,7
590728,0,0,1,1,1,0,4,5,5,5,0,0,241,10,5,2
591258,0,0,1,1,1,0,3,4,5,4,0,0,222,9,4,2
591788,0,0,1,1,1,0,3,4,5,4,0,0,219,9,4,2
592318,0,0,1,1,1,0,3,5,6,6,0,0,258,11,5,2
592848,0,0,1,1,2,1,4,6,7,7,1,0,291,13,7,2
593380,0,0,1,1,2,1,4,5,6,6,0,0,255,11,6,2
593910,0,0,1,1,2,1,6,8,10,10,1,0,378,17,9,2
594440,0,0,1,1,3,1,7,9,12,12,1,0,478,21,10,3
594970,0,0,2,2,4,2,9,12,16,16,2,0,617,29,14,4
595500,0,1,2,2,4,2,10,14,18,16,2,0,649,31,16,5
596030,0,1,2,2,4,2,11,15,19,16,1,0,695,34,17,5
596560,0,1,2,2,4,2,11,14,18,15,1,0,663,33,17,5
597092,0,0,2,2,4,2,10,13,16,14,1,0,592,29,15,4
597624,0,0,1,1,2,1,6,8,9,7,1,0,361,17,9,3
598154,0,0,1,1,2,0,4,5,6,5,0,0,262,11,6,2
598684,0,0,1,1,1,1,4,5,6,5,0,0,250,11,6,2
599216,0,0,1,1,1,0,4,5,6,5,0,0,240,10,5,2
599748,0,0,1,1,1,0,3,4,5,5,0,0,236,9,4,2
600278,0,0,1,1,1,1,4,5,6,6,0,0,268,11,6,2
600808,0,0,1,1,1,0,3,4,5,5,0,0,239,9,4,2
601340,0,0,1,1,1,0,3,4,5,5,0,0,237,9,4,2
601872,0,0,1,1,1,0,4,4,6,5,0,0,252,10,5,2
602402,0,0,1,1,1,1,4,5,6,6,0,0,262,11,6,2
602932,0,0,1,1,1,1,4,5,6,6,0,0,265,11,6,2
603462,0,0,1,1,1,0,4,5,6,6,0,0,266,11,5,2
603992,0,0,1,1,1,1,4,5,6,6,0,0,268,11,6,2
604522,0,0,1,1,1,0,4,5,6,5,0,0,260,11,5,2
605054,0,0,1,1,1,0,4,5,6,5,0,0,261,11,5,2
605584,0,0,1,1,1,0,4,5,6,6,0,0,259,11,5,2
606114,0,0,1,1,1,0,4,5,6,6,0,0,263,11,5,2
606644,0,0,1,1,1,0,3,4,5,5,0,0,231,9,4,2
607174,0,0,1,1,1,0,3,4,5,5,0,0,228,9,4,2
607706,0,0,1,1,1,0,3,4,5,4,0,0,217,9,4,2
608236,0,0,1,1,1,0,3,4,4,4,0,0,209,8,4,2
608766,0,0,1,1,1,0,4,5,6,5,0,0,240,10,5,2
609296,0,0,1,1,1,0,3,3,4,3,0,0,184,7,4,2
609826,0,0,1,1,1,0,3,3,4,3,0,0,184,7,4,2
610356,0,0,1,1,1,0,3,3,4,4,0,0,192,7,4,2
610886,0,0,1,1,1,0,3,4,4,4,0,0,196,8,4,2
611416,0,0,1,1,1,0,3,3,4,3,0,0,191,7,4,2
611946,0,0,1,1,4,3,4,4,6,8,1,0,328,11,10,2
612476,1,2,9,8,45,18,55,42,36,29,5,2,2197,78,118,20
613008,1,3,14,12,71,25,87,64,50,35,7,3,3030,115,182,30
613538,1,3,13,12,66,24,85,64,52,37,7,3,3025,116,176,29
614068,1,3,11,11,60,21,77,57,46,32,6,3,2673,103,158,26
614598,1,3,11,11,59,21,74,56,45,31,6,3,2613,101,154,26
615128,1,2,10,10,57,20,69,51,40,28,5,3,2398,92,146,23
615658,1,3,12,12,60,22,78,58,48,34,6,3,2727,106,160,28
616188,1,3,11,11,57,21,73,54,43,30,5,3,2508,98,150,26
616720,1,2,10,10,52,18,65,48,38,26,5,2,2219,86,136,23
617250,1,2,9,9,52,18,62,46,37,26,5,2,2196,82,133,22
617780,1,3,11,11,56,21,74,55,47,33,5,3,2663,102,151,26
618310,1,3,11,11,56,21,74,55,47,33,5,3,2674,102,151,26
618842,1,3,11,11,56,20,72,54,45,31,5,3,2599,99,148,26
619372,1,3,11,10,54,20,69,52,43,31,5,3,2513,95,142,24
619902,1,2,6,6,27,9,44,39,44,35,5,2,1934,83,80,14
620432,1,3,6,5,9,4,40,61,93,73,7,4,3061,154,53,15
620962,1,3,5,6,9,5,41,63,103,80,8,4,3338,166,56,15
621492,1,3,7,7,11,6,47,69,109,85,8,5,3596,178,63,17
622022,1,3,7,7,12,6,49,70,110,85,8,5,3679,180,68,18
622552,1,3,7,7,12,6,47,68,105,81,8,5,3537,173,65,18
623082,1,3,7,6,11,6,45,66,104,81,8,4,3475,170,62,17
623612,1,3,7,6,11,6,49,71,112,87,8,5,3715,183,66,17
624144,0,1,6,6,30,13,40,40,38,21,4,2,1854,78,83,13
624674,1,2,9,9,53,17,58,41,32,22,5,2,2054,73,128,20
625206,1,2,9,9,52,17,57,40,31,22,5,2,2034,72,126,20
625736,1,2,9,9,52,17,58,41,32,22,4,2,2035,73,126,21
626266,1,2,9,9,50,17,57,40,32,22,4,2,2029,73,124,21
626796,1,2,9,9,49,17,58,42,34,24,4,2,2108,76,124,21
627326,1,2,9,9,51,18,60,44,36,26,5,2,2224,80,128,22
627856,1,2,9,9,51,18,62,45,36,25,5,2,2256,80,131,21
628386,1,3,7,8,28,10,65,78,92,77,8,3,3642,170,102,19
628916,2,5,9,10,17,13,117,175,199,138,13,8,6997,374,147,26
629446,2,5,8,9,16,12,112,168,189,132,13,7,6694,357,140,25
629976,2,5,8,9,16,12,107,160,180,126,12,7,6413,340,134,24
630506,2,5,9,11,19,13,113,167,189,131,13,7,6787,356,145,28
631036,2,5,9,11,19,13,114,169,190,130,13,8,6819,359,146,27
631566,2,5,9,10,18,14,114,167,191,131,13,8,6866,358,145,26
632098,2,5,8,10,17,12,107,156,176,115,12,7,6241,332,136,24
632628,1,4,7,8,14,9,87,125,137,89,9,6,4902,262,110,20
633158,1,3,5,6,10,7,64,91,104,73,8,4,3734,195,81,14
633688,1,2,6,6,11,6,70,101,103,62,6,5,3731,204,87,15
634218,0,0,2,2,9,3,17,18,17,11,1,0,719,35,28,5
634748,0,1,2,3,5,1,15,20,31,25,3,1,1013,51,22,6
635278,0,1,5,6,8,3,19,24,33,32,3,1,1273,57,30,13
635808,0,1,3,3,13,4,22,23,17,17,2,1,898,40,39,6
636338,0,1,2,2,4,2,15,25,35,26,3,1,1104,60,21,5
636868,0,1,7,7,8,3,12,12,14,18,2,1,725,26,23,14
637398,0,1,3,3,12,5,32,43,38,26,3,2,1481,82,49,8
637928,0,1,2,2,6,2,17,22,34,30,3,1,1110,56,25,5
638458,0,1,4,5,6,2,14,19,27,21,2,1,940,46,22,9
638988,0,2,5,6,8,4,27,37,48,35,3,1,1585,86,38,13
639518,0,1,4,5,19,7,27,24,23,17,2,1,1139,48,53,9
640048,0,1,3,3,13,4,23,22,32,28,3,1,1222,54,39,8
640578,0,1,5,7,9,2,14,19,24,15,1,1,904,43,25,14
641108,0,1,4,4,12,5,20,20,22,32,3,1,1149,42,37,9
641638,0,1,4,5,6,3,16,23,36,25,3,2,1133,59,25,9
642168,1,1,5,6,7,3,32,44,51,39,4,2,1802,95,43,13
642700,0,1,4,4,20,7,31,32,24,14,2,1,1209,56,58,9
643230,0,1,2,3,4,2,19,31,47,33,3,2,1446,78,24,6
643760,0,1,6,6,8,3,15,17,27,25,3,1,1044,44,27,14
644290,0,1,3,4,13,5,29,35,36,25,3,2,1402,71,47,8
644820,0,1,3,4,8,2,20,25,28,26,3,1,1087,53,31,9
645350,0,2,7,7,9,4,27,34,38,32,3,2,1486,72,40,16
645880,0,1,3,3,14,5,25,24,26,19,2,1,1088,50,43,6
646410,0,1,3,4,7,2,16,20,29,28,3,1,1050,49,25,8
646940,0,1,4,5,7,4,25,33,38,30,3,2,1385,71,35,10
647472,0,1,3,3,10,4,21,23,37,28,3,1,1227,59,35,6
648002,0,1,4,5,7,4,21,28,47,33,3,1,1604,75,33,11
648532,0,1,3,4,13,5,33,42,40,20,2,2,1517,82,51,8
649062,0,1,2,2,7,2,17,21,27,26,3,1,999,48,26,5
649592,0,1,2,3,4,2,19,30,48,39,4,2,1516,78,25,6
650122,0,1,2,3,4,2,17,26,34,25,2,1,1110,60,23,6
650652,0,0,1,1,2,0,6,9,10,8,1,0,368,18,8,2
651182,0,0,1,1,1,0,3,4,5,4,0,0,192,9,4,2
651712,0,0,1,1,1,0,3,4,5,4,0,0,194,9,4,2
652242,0,0,1,1,1,0,3,4,5,4,0,0,192,9,4,2
652772,0,0,1,1,1,0,3,3,4,3,0,0,183,7,4,2
653302,0,0,1,1,1,0,3,3,4,3,0,0,180,7,4,2
653832,0,0,1,1,1,0,3,3,4,3,0,0,185,7,4,2
654362,0,0,0,1,1,0,3,3,4,4,0,0,191,7,4,1
654892,0,0,1,1,1,0,3,3,4,4,0,0,197,7,4,2
655422,0,0,1,1,1,0,3,4,5,4,0,0,206,8,4,2
655952,0,0,1,1,1,0,3,3,4,4,0,0,204,7,4,2
656482,0,0,1,1,1,0,3,3,4,4,0,0,202,7,4,2
657014,0,0,1,1,1,0,3,3,4,4,0,0,197,7,4,2
657544,0,0,1,1,1,0,3,3,4,3,0,0,188,7,4,2
658074,0,0,1,1,1,0,3,3,4,3,0,0,181,7,4,2
658604,0,0,1,1,2,1,4,6,8,7,1,0,300,13,7,2
659134,0,0,1,1,2,1,6,8,10,8,1,0,374,18,9,2
659664,0,0,1,1,1,1,4,5,6,5,0,0,242,10,5,2
660194,0,0,0,1,1,0,3,4,5,4,0,0,202,9,4,1
660724,0,0,0,1,1,0,3,3,4,4,0,0,192,7,4,1
661254,0,0,1,1,1,0,3,4,5,4,0,0,212,9,4,2
661784,0,0,1,1,1,0,3,4,6,5,0,0,236,10,4,2
662316,0,0,1,1,1,1,4,5,6,5,0,0,244,11,6,2
662846,0,0,1,1,1,1,4,5,6,5,0,1,242,11,6,2
663376,0,0,1,1,1,0,3,4,5,5,0,0,227,9,4,2
663908,0,0,0,1,1,0,3,4,5,5,0,0,222,9,4,1
664440,0,0,1,1,1,0,3,4,5,5,0,0,220,9,4,2
664972,0,0,1,1,1,0,3,4,5,5,0,0,221,9,4,2
665502,0,0,0,1,1,0,3,4,5,5,0,0,221,9,4,1
666032,0,0,1,1,1,0,3,4,5,5,0,0,220,9,4,2
666562,0,0,0,1,1,0,3,4,5,5,0,0,220,9,4,1
667092,0,0,1,1,1,0,3,4,5,5,0,0,221,9,4,2
667624,0,0,1,1,1,0,3,4,5,5,0,0,219,9,4,2
668154,0,0,1,1,1,0,3,4,5,5,0,0,219,9,4,2
668684,0,0,1,1,1,0,3,4,5,5,0,0,220,9,4,2
669214,0,0,1,1,1,0,3,4,5,4,0,0,219,9,4,2
669744,0,0,1,1,1,0,3,4,5,5,0,0,219,9,4,2
670274,0,0,0,1,1,0,3,4,5,5,0,0,219,9,4,1
670804,0,0,1,1,1,0,3,4,5,5,0,0,221,9,4,2
671334,0,0,1,1,1,0,3,4,5,5,0,0,222,9,4,2
671864,0,0,1,1,1,0,3,4,5,5,0,0,223,9,4,2
672394,0,0,1,1,1,0,3,4,5,5,0,0,225,9,4,2
672924,0,0,1,1,1,0,3,4,5,5,0,0,223,9,4,2
673454,0,0,1,1,1,0,3,4,5,5,0,0,222,9,4,2
673986,0,0,1,1,1,0,3,4,5,4,0,0,222,9,4,2
674516,0,0,1,1,1,0,3,4,5,5,0,0,222,9,4,2
675046,0,0,1,1,1,0,3,4,5,5,0,0,222,9,4,2
675576,0,0,1,1,1,0,3,4,5,5,0,0,223,9,4,2
676106,0,0,1,1,1,0,3,4,5,5,0,0,221,9,4,2
676638,0,0,1,1,1,0,3,4,5,4,0,0,215,9,4,2
677168,0,0,0,1,1,0,3,4,5,4,0,0,212,9,4,1
677698,0,0,1,1,1,0,3,4,5,5,0,0,217,9,4,2
678228,0,0,0,1,1,0,3,4,5,5,0,0,224,9,4,1
678758,0,0,0,1,1,0,3,4,5,5,0,0,220,9,4,1
679288,0,0,1,1,1,0,3,4,5,5,0,0,225,9,4,2
679818,0,0,1,1,1,0,4,4,6,6,1,0,238,10,5,2
680348,0,0,1,1,2,1,4,5,6,6,0,0,250,11,7,2
680878,0,0,1,1,2,0,4,5,7,6,0,0,266,12,6,2
681408,0,0,1,1,2,1,4,6,7,6,0,2,268,12,7,2
681938,0,0,1,1,2,1,4,5,7,6,0,3,271,12,7,2
682468,0,0,1,1,2,1,4,5,7,6,0,0,276,12,7,2
682998,0,0,1,1,2,1,4,5,7,6,0,0,274,12,7,2
683528,0,0,1,1,2,1,4,5,7,6,0,2,275,12,7,2
684058,0,0,1,1,2,1,4,5,7,6,0,0,274,12,7,2
684588,0,0,1,1,2,1,4,5,7,6,0,0,274,12,7,2
685120,0,0,1,1,2,1,4,5,7,6,0,1,274,12,7,2
685652,0,0,1,1,2,1,4,5,7,6,0,0,273,12,7,2
686184,0,0,1,1,2,1,4,5,7,6,0,0,272,12,7,2
686714,0,0,1,1,2,1,4,5,7,6,0,5,273,12,7,2
687244,0,0,1,1,2,1,4,5,7,6,0,2,272,12,7,2
687774,0,0,1,1,2,1,4,5,7,6,0,5,271,12,7,2
688304,0,0,1,1,2,1,4,5,7,6,0,3,272,12,7,2
688834,0,1,1,1,2,1,4,5,7,6,0,7,272,12,7,3
689364,0,0,1,1,2,1,4,5,7,6,0,4,271,12,7,2
689896,0,0,1,1,2,1,4,6,7,6,0,9,271,13,7,2
690426,0,0,1,1,2,1,4,5,7,6,0,3,269,12,7,2
690956,0,0,1,1,2,0,4,5,7,6,0,6,269,12,6,2
691488,0,0,1,1,2,1,4,5,7,6,0,5,271,12,7,2
692018,0,0,1,1,2,1,4,5,7,6,0,6,271,12,7,2
692548,0,0,1,1,2,1,4,5,7,6,0,5,271,12,7,2
693080,0,0,1,1,2,1,4,5,7,6,0,2,271,12,7,2
693612,0,0,1,1,2,1,4,5,7,6,0,6,271,12,7,2
694142,0,0,1,1,2,1,4,5,7,6,0,5,270,12,7,2
694672,0,0,1,1,2,1,4,5,7,5,0,6,270,12,7,2
695202,0,0,1,1,2,1,4,5,7,6,0,5,269,12,7,2
695734,0,0,1,1,2,1,4,5,7,5,0,5,267,12,7,2
696266,0,0,1,1,2,1,4,5,7,6,0,4,267,12,7,2
696796,0,0,1,1,2,1,4,5,7,5,0,0,266,12,7,2
697328,0,0,1,1,2,1,4,5,7,6,0,1,266,12,7,2
697860,0,0,1,1,2,1,4,5,7,5,0,3,265,12,7,2
698392,0,0,1,1,2,1,4,5,7,6,0,0,268,12,7,2
698924,0,0,1,1,2,1,4,5,7,6,0,2,269,12,7,2
699454,0,1,1,1,2,1,4,5,7,6,0,0,269,12,7,3
699984,0,0,1,1,2,1,4,5,7,6,0,2,268,12,7,2
700514,0,1,1,1,2,1,4,5,7,6,0,6,268,12,7,3
701044,0,0,1,1,2,1,4,5,7,6,0,0,266,12,7,2
701574,0,0,1,1,2,1,4,5,7,6,0,0,266,12,7,2
702104,0,0,1,1,2,1,4,5,7,5,0,3,265,12,7,2
702634,0,0,1,1,2,1,4,5,7,5,0,0,264,12,7,2
703164,0,0,1,1,2,0,4,5,6,5,0,1,264,11,6,2
703696,0,0,1,1,2,1,4,5,7,6,0,2,266,12,7,2
704226,0,0,1,1,2,0,4,5,6,5,0,0,264,11,6,2
704756,0,0,1,1,2,0,4,5,6,5,0,3,262,11,6,2
705288,0,0,1,1,2,1,4,5,6,5,0,0,262,11,7,2
705820,0,0,1,1,2,1,4,5,6,5,0,0,264,11,7,2
706350,0,0,1,1,2,1,4,5,7,6,0,0,267,12,7,2
706882,0,0,1,1,2,1,4,5,6,5,0,5,264,11,7,2
707412,0,0,1,1,2,0,4,5,7,5,0,4,265,12,6,2
707942,0,0,1,1,2,1,4,5,7,6,0,0,269,12,7,2
708472,0,0,1,1,2,0,4,5,6,6,0,0,263,11,6,2
709002,0,0,1,1,1,0,3,4,5,5,0,0,231,9,4,2
709532,0,0,1,1,1,0,3,4,5,5,0,0,224,9,4,2
710062,0,0,1,1,1,0,3,4,5,5,0,0,222,9,4,2
710592,0,0,1,1,1,0,3,4,5,5,0,0,223,9,4,2
711122,0,0,1,1,1,0,3,4,5,4,0,0,212,9,4,2
711652,0,0,1,1,1,0,3,4,5,4,0,0,205,9,4,2
712182,0,0,0,1,1,0,3,4,5,4,0,0,206,9,4,1
712714,0,0,1,1,1,0,3,4,5,4,0,0,215,9,4,2
713244,0,0,1,1,1,0,3,4,5,4,0,0,202,9,4,2
713774,0,0,1,1,1,0,3,4,5,4,0,0,200,9,4,2
714306,0,0,1,1,1,0,3,4,5,4,0,0,204,9,4,2
714836,0,0,1,1,1,0,3,4,4,4,0,0,194,8,4,2
715366,0,0,1,1,1,0,3,3,4,4,0,0,186,7,4,2
715896,0,0,1,1,1,0,3,3,4,4,0,0,187,7,4,2
716426,0,0,1,1,1,0,3,3,4,4,0,0,189,7,4,1
716956,0,0,0,1,1,0,3,4,4,4,0,0,191,8,4,1
717486,0,0,1,1,1,0,3,4,4,4,0,0,196,8,4,2
718016,0,0,1,1,1,0,3,3,4,4,0,0,193,7,4,2
718546,0,0,1,1,1,0,3,4,5,4,0,0,207,9,4,2
719076,0,0,1,1,1,1,4,4,5,4,0,0,228,9,5,2
719606,0,0,1,1,1,0,3,4,4,3,0,0,200,8,4,2
720136,0,0,1,1,1,0,3,4,4,3,0,0,196,8,4,2
720666,0,0,1,1,1,0,3,4,4,4,0,0,197,8,4,2
721196,0,0,1,1,1,0,3,4,4,3,0,0,194,8,4,2
721726,0,0,1,1,1,0,3,4,4,3,0,0,194,8,4,2
722256,0,0,1,1,1,0,3,4,4,3,0,0,194,8,4,2
722786,0,0,1,1,1,0,3,4,4,3,0,0,191,8,4,2
723316,0,0,1,1,1,0,3,4,4,3,0,0,190,8,4,2
723846,0,0,1,1,1,0,3,4,4,3,0,0,191,8,4,2
724376,0,0,1,1,1,0,3,4,4,3,0,0,193,8,4,2
724906,0,0,1,1,1,0,3,4,4,3,0,0,193,8,4,2
725436,0,0,1,1,1,0,3,4,4,3,0,0,192,8,4,2
725968,0,0,1,1,1,0,3,4,4,3,0,0,193,8,4,2
726498,0,0,1,1,1,0,3,4,4,3,0,0,194,8,4,2
727028,0,0,1,1,1,0,3,4,4,3,0,0,194,8,4,2
727560,0,0,1,1,1,0,3,4,4,3,0,0,194,8,4,2
728092,0,0,1,1,1,0,3,4,4,3,0,0,193,8,4,2
728622,0,0,1,1,1,0,3,4,4,3,0,0,194,8,4,2
729152,0,0,1,1,1,0,3,4,4,3,0,0,195,8,4,2
729682,0,0,1,1,1,0,3,4,4,3,0,0,194,8,4,2
730212,0,0,1,1,1,0,3,4,4,3,0,0,195,8,4,2
730742,0,0,1,1,1,0,3,4,4,3,0,0,195,8,4,2
731272,0,0,1,1,1,0,3,4,4,3,0,0,195,8,4,2
731802,0,0,1,1,1,0,3,4,4,3,0,0,195,8,4,2
732332,0,0,1,1,1,0,3,4,4,3,0,0,194,8,4,2
732864,0,0,1,1,1,0,3,4,5,4,0,0,207,9,4,2
733394,0,0,1,1,2,1,4,4,5,4,0,0,217,9,7,2
733924,0,0,1,1,2,1,3,4,5,4,0,0,218,9,6,2
734456,0,0,1,1,2,0,4,4,5,5,0,0,219,9,6,2
734986,0,0,1,1,1,0,3,4,5,4,0,0,210,9,4,2
735516,0,0,1,1,1,1,3,4,5,4,0,0,222,9,5,2
736046,0,0,1,1,2,1,4,4,6,5,1,0,247,10,6,2
736576,0,0,1,1,2,0,4,5,6,5,1,0,248,10,6,2
737108,0,0,1,1,2,0,4,4,6,5,1,0,243,10,6,2
737638,0,0,1,1,2,1,4,4,6,5,1,0,242,10,6,2
738168,0,0,1,1,2,1,4,4,6,5,1,0,246,10,7,2
738698,0,0,1,1,1,0,3,4,5,4,0,0,224,9,5,2
739228,0,0,1,1,1,0,3,3,4,4,0,0,197,8,4,2
739758,0,0,1,1,1,0,3,4,5,4,0,0,208,9,4,2
740288,0,0,1,1,1,0,3,4,5,4,0,0,212,9,4,2
740818,0,0,1,1,1,0,3,4,5,4,0,0,223,9,4,2
741348,0,0,1,1,1,0,3,4,5,4,0,0,219,9,4,2
741878,0,0,1,1,1,0,3,4,5,4,0,0,217,9,4,2
742410,0,0,1,1,1,0,3,4,5,4,0,0,218,9,4,2
742940,0,0,1,1,1,0,3,4,5,4,0,0,220,9,4,2
743470,0,0,1,1,1,0,3,4,5,4,0,0,217,9,4,2
744000,0,0,1,1,1,0,3,4,5,4,0,0,216,9,4,2
744530,0,0,1,1,1,0,3,4,5,4,0,0,215,9,4,2
745060,0,0,1,1,1,0,3,4,5,4,0,0,217,9,4,2
745590,0,0,1,1,1,1,3,4,5,4,0,0,221,9,5,2
746120,0,0,1,1,1,0,3,4,5,4,0,0,221,9,4,2
746650,0,0,1,1,1,0,3,4,5,4,0,0,220,9,4,2
747180,0,0,1,1,1,1,3,4,5,4,0,0,221,9,5,2
747712,0,0,1,1,1,0,3,4,5,4,0,0,219,9,4,2
748242,0,0,1,1,1,0,3,4,5,4,0,0,222,9,4,2
748772,0,0,1,1,1,0,3,4,5,4,0,0,221,9,4,2
749302,0,0,1,1,1,0,3,4,5,4,0,0,221,9,4,2
749832,0,0,1,1,1,0,3,4,5,4,0,0,222,9,4,2
750362,0,0,1,1,1,0,3,4,5,4,0,0,223,9,5,2
750892,0,0,1,1,2,1,3,4,5,4,0,0,232,9,6,2
751422,0,0,1,1,1,1,3,4,5,4,0,0,223,9,5,2
751954,0,0,1,1,1,0,3,4,5,4,0,0,224,9,5,2
752484,0,0,1,1,2,1,3,4,5,4,0,0,228,9,5,2
753014,0,0,1,1,1,0,3,4,5,4,0,0,217,9,4,2
753544,0,0,1,1,2,0,3,4,5,4,0,0,225,9,5,2
754074,0,0,1,1,2,1,3,4,5,4,0,0,231,9,6,2
754604,0,0,1,1,1,0,3,4,5,4,0,0,217,9,4,2
755134,0,0,1,1,1,0,3,4,5,4,0,0,220,9,4,2
755664,0,0,1,1,1,0,3,4,5,4,0,0,217,9,4,2
756196,0,0,1,1,1,0,3,4,5,4,0,0,215,9,4,2
756726,0,0,1,1,2,0,3,4,5,4,0,0,215,9,5,2
757258,0,0,1,1,2,0,3,4,5,4,0,0,218,9,6,2
757788,0,0,1,1,2,1,4,4,5,4,0,0,220,9,6,2
758320,0,0,1,1,1,1,4,4,5,4,0,0,228,9,6,2
758850,0,0,1,1,1,0,3,4,5,4,0,0,228,9,5,2
759380,0,0,1,1,2,1,3,4,5,5,0,0,238,9,6,2
759910,0,0,1,1,2,0,4,4,5,4,0,0,238,9,5,2
760440,0,0,1,1,1,0,3,4,4,4,0,0,206,8,4,2
760970,0,0,1,1,1,0,3,4,4,3,0,0,194,8,4,2
761500,0,0,1,1,1,0,3,4,4,4,0,0,200,8,4,2
762030,0,0,1,1,1,0,3,4,4,4,0,0,200,8,4,2
762560,0,0,1,1,1,1,3,4,5,4,0,0,220,9,5,2
763092,0,0,1,1,2,1,4,4,5,4,0,0,230,10,7,2
763622,0,0,1,1,2,1,4,4,5,4,0,0,232,10,6,2
764152,0,0,1,1,2,1,4,4,5,4,0,0,225,9,6,2
764684,0,0,1,1,2,1,4,4,5,4,0,0,229,9,6,2
765214,0,0,1,1,2,1,4,4,5,4,0,0,241,10,7,2
765744,0,0,1,1,2,1,4,4,5,4,0,0,237,9,7,2
766274,0,0,1,1,1,0,3,4,5,4,0,0,215,9,4,2
766806,0,0,1,1,2,1,3,4,6,5,1,0,241,10,6,2
767336,0,0,1,1,2,1,6,7,9,7,1,0,351,16,9,2
767866,0,0,1,1,2,1,5,6,7,6,0,0,279,13,8,2
768398,0,0,1,1,2,1,5,6,7,6,1,0,282,13,8,2
768928,0,0,1,1,2,1,4,5,7,6,1,0,263,12,7,2
769458,0,0,1,1,2,1,5,6,7,6,0,0,275,13,8,2
769990,0,0,1,1,2,1,5,5,7,6,0,0,273,12,8,2
770520,0,0,1,1,2,1,5,6,7,6,0,0,280,13,8,2
771050,0,0,1,1,2,1,5,6,8,7,0,0,307,14,8,2
771580,0,0,1,1,2,1,6,7,10,7,1,0,348,17,9,2
772110,0,0,1,1,2,1,4,5,7,5,1,0,264,12,7,2
772640,0,0,1,1,2,1,4,4,6,5,1,0,240,10,6,2
773170,0,0,1,1,2,0,3,4,5,4,0,0,232,9,6,2
773702,0,0,1,1,2,1,3,4,5,4,0,0,231,9,5,2
774232,0,0,1,1,2,0,3,4,5,4,0,0,239,9,6,2
774762,0,0,1,1,2,1,3,4,5,4,0,0,241,9,6,2
775292,0,0,1,1,2,1,3,4,5,4,0,0,245,9,6,2
775822,0,0,1,1,2,1,4,4,6,5,1,0,255,10,7,2
776352,0,0,1,1,2,1,4,5,6,5,1,0,272,11,7,2
776882,0,0,1,1,2,1,5,6,9,8,1,0,330,15,8,2
777414,0,0,2,2,3,1,8,10,13,11,1,0,488,24,13,4
777944,0,0,1,1,1,0,3,4,5,4,0,0,224,9,5,2
778476,0,0,1,1,1,1,3,4,5,4,0,0,217,9,5,2
779006,0,0,1,1,1,0,3,4,5,4,0,0,217,9,4,2
779536,1,2,5,6,10,5,21,29,47,44,4,1,1607,76,36,14
780066,1,2,7,8,14,6,34,44,62,50,5,2,2243,106,54,18
780598,1,2,9,9,15,7,38,49,69,55,6,3,2479,119,60,21
781128,1,3,10,10,17,8,44,57,81,63,6,3,2769,138,69,24
781658,1,3,10,10,17,8,44,57,81,65,7,3,2800,138,69,24
782188,1,3,10,10,17,8,43,57,82,65,7,3,2821,139,68,24
782718,1,3,9,10,17,8,42,56,81,66,7,3,2801,136,67,23
783250,1,3,9,10,16,7,43,57,81,66,7,3,2837,138,66,23
783780,1,3,9,9,16,7,40,54,78,65,7,3,2724,132,63,22
784310,2,4,11,12,20,10,51,68,110,97,10,4,3734,178,81,29
784840,4,9,26,27,51,25,128,180,286,230,25,11,9202,466,204,66
785370,2,5,15,15,27,14,74,106,158,143,15,6,5062,264,115,37
785900,1,3,14,11,19,10,73,103,102,102,10,5,4162,205,103,30
786430,1,3,10,9,16,9,52,70,82,86,8,3,3348,152,77,23
786960,2,4,10,11,19,10,51,71,106,87,9,4,3548,177,80,27
787492,2,5,8,16,29,14,42,58,165,121,12,3,4534,223,85,31
788022,2,6,7,18,33,15,36,51,190,142,14,2,4989,241,85,34
788554,1,2,8,8,14,7,42,57,75,60,6,3,2631,132,62,19
789084,1,2,7,9,15,6,39,54,80,54,5,3,2581,135,60,19
789614,0,0,2,2,4,2,10,12,16,12,1,0,606,28,15,4
790144,0,1,2,2,4,2,11,13,18,14,1,1,668,31,17,5
790674,0,0,1,1,2,1,5,7,9,7,1,0,360,16,9,3
791204,0,1,4,3,7,3,20,27,32,28,3,1,1211,59,30,8
791736,1,2,11,7,13,5,55,78,69,52,5,4,2715,146,74,21
792268,0,1,3,4,6,3,16,20,27,20,2,1,942,47,25,8
792798,0,1,5,5,9,4,21,28,42,33,3,1,1418,70,34,11
793328,1,3,9,11,19,8,46,63,102,69,6,3,3128,165,73,24
793858,0,1,5,2,5,1,21,27,21,13,2,1,894,47,27,8
794388,0,0,1,1,3,1,6,8,10,11,2,0,434,18,10,3
794918,0,1,5,4,7,2,22,30,34,23,3,1,1180,64,31,10
795448,0,2,5,7,11,6,25,32,57,51,5,2,1859,89,41,14
795980,3,6,17,20,33,15,82,118,182,141,16,7,5656,299,131,46
796510,1,4,11,11,20,10,53,72,111,88,9,4,3644,183,83,28
797040,1,2,8,8,14,5,36,47,70,48,5,3,2262,117,55,19
797570,1,2,7,8,13,6,34,46,68,52,5,2,2239,114,53,18
798100,1,2,5,6,11,5,24,33,57,48,5,1,1807,90,40,14
798630,1,3,7,8,14,5,32,43,77,51,5,2,2266,120,51,18
799160,1,1,7,5,8,5,32,44,42,49,5,2,1856,86,45,14
799690,1,2,5,7,12,6,24,31,63,52,6,2,1869,94,41,15
800220,0,3,8,9,16,4,38,51,82,41,5,3,2269,134,58,19
800750,1,1,7,5,9,4,34,46,43,43,5,2,1780,89,47,15
801280,0,1,2,4,6,2,11,15,31,23,2,0,864,46,19,7
801812,0,0,1,1,2,0,4,5,6,5,1,0,255,11,6,2
802342,0,0,1,1,2,0,4,5,6,5,1,0,234,10,6,2
802872,0,0,1,1,1,1,3,4,6,5,1,0,231,10,5,2
803402,1,1,3,5,9,5,12,16,40,38,4,1,1260,56,25,9
803932,2,4,13,14,25,11,61,80,116,101,10,4,4026,195,97,33
804464,1,5,17,18,31,11,86,115,151,96,10,6,4960,266,128,42
804994,2,4,16,15,25,15,78,103,125,129,13,5,4893,227,118,37
805526,2,4,15,13,23,17,73,97,114,150,16,6,5133,211,112,34
806056,3,4,11,14,22,17,57,73,107,156,18,4,4749,180,96,33
806586,0,0,2,2,3,1,12,15,12,10,1,0,540,27,15,4
807116,0,0,1,2,3,3,5,6,12,25,3,0,657,18,10,3
807646,4,9,26,31,55,29,136,173,233,200,22,9,8530,407,220,69
808176,3,8,27,28,55,26,143,184,235,182,20,10,8137,419,224,67
808706,4,10,29,31,60,30,153,196,263,211,24,11,9069,459,243,74
809236,4,10,32,33,65,33,169,217,287,229,26,12,9923,504,267,80
809768,1,3,11,11,22,9,59,75,96,66,7,4,3228,171,90,27
810298,0,0,1,1,2,1,5,6,7,6,0,0,275,13,8,2
810828,0,0,1,1,2,1,5,6,7,6,0,0,275,13,8,2
811360,0,0,1,1,2,1,5,6,7,6,0,0,275,13,8,2
811892,1,2,3,8,16,9,18,23,67,63,6,1,2094,89,43,15
812422,4,10,30,33,62,32,164,210,279,225,25,11,9793,489,259,77
812952,2,7,23,20,39,17,122,157,182,116,13,9,6273,340,178,51
813482,0,0,1,1,3,1,7,9,12,11,1,0,450,21,11,3
814014,0,0,0,0,1,0,4,4,5,3,0,0,204,9,5,1
814544,0,0,0,0,1,0,2,2,3,2,0,0,130,5,3,0
815074,0,0,0,0,1,0,2,2,3,2,0,0,129,5,3,0
815604,0,0,0,0,1,0,2,2,3,2,0,0,132,5,3,0
816134,0,0,0,0,1,0,2,2,3,2,0,0,131,5,3,0
816664,0,0,0,0,1,0,2,2,3,2,0,0,133,5,3,0
817194,0,0,1,1,1,0,2,3,3,2,0,0,147,6,3,2
817724,0,0,1,1,1,0,3,3,3,3,0,0,155,6,4,2
818256,0,0,1,1,1,0,3,3,4,3,0,0,160,7,4,2
818788,0,0,1,1,1,0,2,3,4,3,0,0,163,7,3,2
819318,0,0,0,0,1,0,2,3,3,2,0,0,143,6,3,1
819850,0,0,0,0,1,0,2,2,3,2,0,0,132,5,3,1
820382,0,0,0,1,1,0,2,2,3,2,0,0,139,5,3,1
820914,0,0,0,0,1,0,2,2,3,2,0,0,134,5,3,0
821444,0,0,0,1,1,0,2,2,3,2,0,0,137,5,3,1
821976,0,0,1,1,1,0,3,3,3,3,0,0,156,6,4,2
822506,0,0,1,1,1,0,3,3,3,3,0,0,155,6,4,2
823036,0,0,1,1,1,0,3,3,3,3,0,0,154,6,4,2
823566,0,0,1,1,1,0,3,3,3,3,0,0,153,6,4,2
824096,0,0,1,1,1,0,3,3,3,3,0,0,153,6,4,2
824626,0,0,1,1,1,0,2,3,3,3,0,0,152,6,3,2
825156,0,0,1,1,1,0,2,2,3,2,0,0,140,5,3,1
825686,0,0,0,0,1,0,2,2,3,2,0,0,130,5,3,0
826216,0,0,0,0,1,0,2,2,3,2,0,0,135,5,3,1
826746,0,0,1,1,1,0,2,3,3,2,0,0,142,6,3,1
827276,0,0,0,1,1,0,2,2,3,2,0,0,140,5,3,1
827808,0,0,1,1,1,0,2,3,3,2,0,0,141,6,3,2
828338,0,0,1,1,1,0,2,3,3,2,0,0,140,6,3,2
828870,0,0,1,1,1,0,2,2,3,2,0,0,137,5,3,1
829402,0,0,1,1,1,0,2,2,3,2,0,0,137,5,3,2
829932,0,0,0,1,1,0,2,2,3,2,0,0,138,5,3,1
830462,0,0,0,1,1,0,2,2,3,2,0,0,137,5,3,1
830994,0,0,0,0,1,0,2,2,3,2,0,0,137,5,3,0
831524,0,0,0,0,1,0,2,2,3,2,0,0,138,5,3,1
832054,0,0,1,1,1,0,2,3,3,2,0,0,142,6,3,2
832586,0,0,1,1,1,0,2,3,3,2,0,0,147,6,3,2
833116,0,0,1,1,1,0,2,3,3,2,0,0,146,6,3,2
833646,0,0,1,1,1,0,2,3,3,2,0,0,138,6,3,2
834176,0,0,0,0,1,0,2,2,3,2,0,0,127,5,3,0
834706,0,0,0,0,1,0,2,2,3,2,0,0,135,5,3,0
835238,0,0,0,0,1,0,2,2,3,2,0,0,135,5,3,0
835768,0,0,0,0,1,0,2,2,2,2,0,0,126,4,3,0
836298,0,0,0,0,1,0,2,2,3,2,0,0,123,5,3,0
836830,0,0,0,0,1,0,2,2,3,2,0,0,125,5,3,0
837360,0,0,0,0,1,0,2,2,3,2,0,0,125,5,3,0
837890,0,0,0,0,1,0,2,2,3,2,0,0,126,5,3,0
838420,0,0,0,0,1,0,2,2,3,2,0,0,126,5,3,0
838950,0,0,0,0,1,0,2,2,3,2,0,0,127,5,3,0
839480,0,0,0,0,1,0,2,2,3,2,0,0,125,5,3,0
840010,0,0,0,0,1,0,2,2,3,2,0,0,125,5,3,0
840540,0,0,0,0,1,0,2,2,3,2,0,0,133,5,3,0
841070,0,0,0,0,1,0,2,2,3,2,0,0,135,5,3,0
841600,0,0,0,0,1,0,2,2,3,2,0,0,135,5,3,0
842130,0,0,0,1,1,0,2,2,3,2,0,0,135,5,3,1
842660,0,0,0,1,1,0,2,2,3,2,0,0,136,5,3,1
843190,0,0,0,1,1,0,2,2,3,2,0,0,136,5,3,1
843720,0,0,0,1,1,0,2,2,3,2,0,0,136,5,3,1
844250,0,0,0,1,1,0,2,2,3,2,0,0,134,5,3,1
844780,0,0,0,0,1,0,2,2,3,2,0,0,133,5,3,0
845310,0,0,0,0,1,0,2,2,3,2,0,0,132,5,3,0
845840,0,0,0,0,1,0,2,2,3,2,0,0,129,5,3,0
846370,0,0,0,0,1,0,2,2,3,2,0,0,126,5,3,0
846902,0,0,0,0,1,0,2,2,3,2,0,0,127,5,3,0
847432,0,0,0,0,1,0,2,2,3,2,0,0,129,5,3,0
847962,0,0,0,0,1,0,2,2,3,2,0,0,132,5,3,0
848492,0,0,0,0,1,0,2,2,3,2,0,0,134,5,3,0
849024,0,0,0,1,1,0,2,2,3,2,0,0,135,5,3,1
849554,0,0,0,0,1,0,2,2,3,2,0,0,131,5,3,0
850084,0,0,0,0,1,0,2,2,3,2,0,0,129,5,3,0
850616,0,0,1,0,1,0,2,3,3,2,0,0,141,6,3,1
851148,0,0,1,1,1,0,3,3,3,3,0,0,154,6,4,2
851678,0,0,1,1,1,0,3,3,3,3,0,0,159,6,4,2
852208,0,0,1,1,1,0,3,3,3,3,0,0,158,6,4,2
852738,0,0,1,1,1,0,3,3,3,2,0,0,159,6,4,2
853268,0,0,1,1,1,0,3,3,3,2,0,0,164,6,4,2
853798,0,0,1,1,1,0,3,3,3,2,0,0,169,6,4,2
854330,0,0,1,1,1,0,3,3,3,2,0,0,163,6,4,2
854860,0,0,1,1,1,0,3,3,3,2,0,0,163,6,4,2
855390,0,0,1,1,1,0,3,3,3,2,0,0,156,6,4,2
855922,0,0,1,1,1,0,3,3,3,3,0,0,151,6,4,2
856452,0,0,0,1,1,0,2,3,3,2,0,0,149,6,3,1
856982,0,0,1,1,1,0,2,3,3,2,0,0,151,6,3,2
857512,0,0,1,1,1,0,3,3,3,2,0,0,151,6,4,2
858044,0,0,1,1,1,0,2,3,3,3,0,0,148,6,3,2
858574,0,0,1,1,1,0,2,3,3,2,0,0,143,6,3,2
859104,0,0,0,0,1,0,2,2,3,2,0,0,131,5,3,0
859636,0,0,0,0,1,0,2,2,3,5,1,0,181,5,3,0
860166,5,16,26,36,28,14,36,50,164,359,55,11,7558,214,78,82
860696,8,34,101,78,62,22,143,196,366,569,92,38,16928,562,227,220
861226,7,28,75,64,49,19,103,143,284,492,84,31,13967,427,171,174
861756,7,27,71,61,47,18,96,133,268,473,82,29,13190,401,161,166
862286,8,29,77,68,53,20,104,145,296,535,93,32,14755,441,177,181
862816,14,48,120,109,87,34,169,235,495,914,156,56,25488,730,289,291
863346,31,99,268,217,168,70,364,499,952,1736,299,144,28748,1451,602,616
863876,11,47,139,110,83,27,186,250,472,684,122,56,21137,722,296,307
864406,16,56,146,124,97,42,198,271,586,1066,176,58,25929,858,337,341
864936,8,35,94,75,59,22,129,182,373,598,95,37,17304,555,210,212
865466,12,43,113,98,77,34,155,215,458,826,135,43,21435,672,266,266
865998,25,88,215,195,151,62,300,421,927,1619,268,93,28638,1348,512,523
866528,22,83,218,182,142,56,300,428,873,1437,238,93,28533,1300,498,504
867060,22,90,244,202,161,60,343,483,1000,1499,233,95,28618,1483,564,558
867590,13,45,125,104,80,34,174,242,474,871,145,51,23567,716,287,286
868120,10,40,112,90,70,24,154,215,418,634,106,45,19853,633,248,252
868650,10,35,83,77,58,25,115,153,365,682,110,33,17503,518,198,205
869180,19,73,187,162,125,47,263,362,770,1275,203,77,28342,1132,435,442
869712,19,73,186,163,124,47,263,363,769,1283,203,77,28345,1132,435,441
870242,18,71,183,160,123,45,260,358,757,1250,198,76,28317,1115,428,433
870772,10,46,131,103,78,27,188,261,487,767,124,57,21456,748,292,290
871302,7,29,72,64,47,18,104,142,299,561,95,35,15419,441,169,173
871834,7,29,72,64,47,17,102,140,295,542,92,34,15144,435,166,171
872364,7,27,69,60,44,16,98,134,278,508,87,33,14347,412,158,163
872894,7,27,63,60,44,18,89,122,278,547,92,30,14191,401,151,157
873426,18,63,160,154,119,47,237,329,677,1239,204,69,26998,1006,403,395
873956,558,872,799,1573,1173,706,1185,1463,3356,4941,1187,740,32300,4820,3064,3802
874488,486,725,1211,1348,1019,641,1783,2235,3508,5303,1165,1069,33148,5742,3443,3769
875018,150,296,610,614,457,234,842,1126,2063,3387,630,388,30656,3188,1533,1670
875548,48,147,375,338,252,105,514,719,1400,2471,415,177,29553,2119,871,907
876078,68,172,396,386,287,132,544,757,1545,2788,478,195,29791,2302,962,1022
876608,80,171,402,381,285,148,554,772,1549,2899,499,195,29838,2321,987,1033
877138,626,764,970,1390,1050,804,1416,1816,3557,6231,1412,806,33170,5372,3270,3750
877668,699,937,1282,1675,1295,898,1957,2411,4141,6599,1511,1171,34127,6552,4149,4593
878200,699,929,1293,1662,1281,895,1966,2412,4102,6572,1504,1185,34121,6514,4142,4583
878732,587,814,1163,1467,1123,758,1754,2172,3741,5972,1326,1036,33507,5913,3635,4031
879262,487,692,1023,1267,967,636,1530,1897,3351,5420,1177,878,32864,5248,3133,3470
879792,436,626,941,1161,892,579,1397,1750,3140,5181,1116,766,32494,4889,2868,3164
880322,376,559,891,1049,805,509,1316,1656,2931,4844,1019,705,32174,4587,2630,2874
880852,314,488,797,930,715,433,1171,1488,2705,4490,919,600,31783,4193,2320,2529
881382,282,450,761,869,668,395,1113,1416,2577,4300,868,558,31587,3994,2177,2362
881914,189,332,623,670,513,283,896,1163,2180,3752,718,407,30936,3343,1692,1815
882444,150,283,551,584,447,235,786,1031,2002,3490,649,334,30621,3033,1468,1567
882974,181,318,593,644,494,273,849,1109,2129,3700,703,378,30848,3238,1616,1737
883506,162,305,585,622,476,250,836,1095,2084,3577,671,369,30760,3179,1562,1674
884036,199,341,617,683,523,294,885,1152,2208,3824,736,403,30972,3359,1702,1840
884566,378,508,766,961,733,505,1117,1422,2733,4843,1027,579,31880,4155,2354,2614
885096,1471,1674,1874,2916,2188,1780,2854,3396,5844,9866,2659,2030,37247,9240,6821,7935
885626,1667,1985,2267,3440,2567,2008,3489,4111,6608,10622,2928,2593,38603,10719,8064,9359
886156,1624,1911,2215,3321,2485,1960,3413,4024,6437,10470,2874,2518,38377,10461,7859,9071
886688,1625,1928,2215,3345,2503,1959,3420,4026,6475,10472,2873,2520,38392,10501,7882,9112
887218,1461,1792,2127,3115,2333,1769,3261,3850,6145,9818,2643,2376,37777,9995,7363,8494
887748,380,664,1094,1225,932,509,1638,2014,3151,4788,1023,993,32601,5164,3079,3364
888278,28,113,313,260,202,71,450,606,1106,1776,291,145,28998,1711,723,714
888808,18,70,180,160,124,48,263,355,727,1251,202,78,28292,1082,435,428
889338,18,63,162,152,115,43,229,310,631,1226,201,68,28163,942,387,394
889868,27,91,242,223,173,63,338,453,924,1704,273,98,28689,1377,574,583
890398,21,76,201,179,139,51,286,380,772,1445,234,85,28425,1152,476,477
890928,19,69,183,165,124,45,253,343,697,1350,222,79,28302,1040,421,437
891460,17,65,169,155,114,42,231,316,650,1285,214,74,28221,966,387,407
891992,14,53,148,125,93,34,206,282,538,1013,168,67,25747,820,333,340
892522,11,38,98,88,65,28,142,198,390,830,137,48,21455,588,235,234
893052,14,54,130,124,96,39,192,272,569,1095,174,60,27588,841,326,322
893582,13,51,136,118,92,35,204,285,552,964,152,60,26643,837,331,318
894112,13,50,128,115,89,35,193,270,540,973,153,57,26579,811,317,305
894642,14,53,132,123,95,38,200,282,577,1057,164,59,27416,860,334,322
895172,16,62,170,148,114,44,247,354,672,1214,190,72,28232,1026,406,397
895702,18,69,187,169,128,49,263,372,738,1315,209,76,28318,1110,440,443
896232,17,63,165,154,118,46,233,334,680,1237,198,69,28212,1014,397,399
896762,23,80,212,203,156,61,297,421,856,1581,253,84,28534,1276,515,518
897292,29,105,291,268,206,77,409,569,1099,1927,307,114,28979,1668,692,692
897824,29,101,283,259,199,75,396,553,1064,1902,304,110,28934,1616,671,672
898356,28,102,282,260,200,76,392,549,1066,1899,303,110,28931,1615,668,672
898888,28,100,280,255,195,74,388,545,1051,1885,303,110,28903,1596,656,663
899418,34,107,283,270,207,87,387,547,1123,2104,338,113,29019,1670,681,694
899948,42,131,362,330,260,103,516,716,1347,2369,379,144,29424,2063,879,865
900480,39,128,349,323,252,97,493,685,1312,2292,367,139,29352,1997,842,840
901012,37,124,339,314,244,93,478,665,1276,2233,357,134,29295,1940,816,815
901544,35,120,331,305,236,89,466,649,1240,2174,347,131,29238,1889,792,791
902074,35,119,328,302,236,89,463,644,1233,2146,342,129,29218,1877,788,784
902606,35,120,326,300,239,94,469,655,1265,2154,336,125,29236,1920,802,781
903136,34,121,332,302,240,93,479,669,1282,2130,331,128,29250,1951,811,789
903666,35,119,324,301,237,92,466,648,1257,2155,339,126,29236,1905,796,779
904196,26,103,292,257,202,74,420,587,1107,1777,277,114,28926,1694,696,678
904726,15,59,173,150,114,43,243,350,654,1138,182,67,28148,1004,399,397
905258,15,56,153,140,107,41,215,310,621,1083,173,61,28066,931,363,364
905788,14,52,142,131,100,38,204,291,584,1024,163,57,27593,875,342,339
906318,11,44,125,110,85,32,181,258,497,858,138,52,24106,755,298,290
906848,5,23,69,58,44,15,96,136,250,427,71,29,12628,386,156,156
907378,0,2,10,6,5,1,15,21,26,29,5,3,1413,47,21,19
907910,0,0,0,1,1,0,3,4,5,5,0,0,234,9,5,1
908442,0,0,1,1,1,1,4,5,8,9,1,0,350,12,6,2
908972,0,0,0,0,1,0,2,3,3,3,0,0,166,6,3,0
909502,0,0,0,0,1,0,2,2,3,2,0,0,131,5,3,0
910034,0,0,0,1,1,0,2,2,3,2,0,0,136,5,3,1
910564,0,0,1,1,1,0,3,3,3,2,0,0,154,6,4,2
911094,0,0,1,1,1,0,3,3,3,2,0,0,162,6,4,2
911624,0,0,1,1,1,0,3,3,3,3,0,0,163,6,4,2
912154,0,0,0,1,1,0,3,3,4,3,0,0,161,7,4,1
912684,0,0,0,0,1,0,2,3,3,2,0,0,148,6,3,0
913216,0,0,1,1,1,0,3,3,3,2,0,0,153,6,4,1
913748,0,0,1,1,1,0,3,3,4,3,0,0,169,7,4,2
914278,0,0,1,1,1,0,3,3,4,3,0,0,180,7,4,2
914808,0,0,1,1,1,0,3,3,4,4,0,0,197,8,4,2
915338,0,0,0,1,1,0,2,3,4,3,0,0,180,7,3,1
915868,0,0,0,1,1,0,2,3,4,3,0,0,181,7,3,1
916400,0,0,1,1,1,1,4,5,7,6,0,0,281,12,6,2
916930,0,0,1,1,2,1,5,6,8,7,1,0,353,15,8,2
917460,0,0,1,1,2,1,5,6,9,8,1,0,363,15,8,2
917990,0,0,1,1,2,1,5,6,8,7,1,0,339,14,8,2
918522,0,0,1,1,1,0,4,5,6,5,0,0,256,11,5,2
919052,0,0,1,1,1,0,3,3,4,2,0,0,170,7,4,2
919582,0,0,1,1,1,0,2,3,3,2,0,0,154,6,3,2
920112,0,0,1,1,1,0,3,3,3,2,0,0,163,6,4,2
920642,0,0,1,1,1,0,3,3,3,2,0,0,164,6,4,2
921172,0,0,1,1,1,0,3,3,3,2,0,0,164,6,4,2
921702,0,0,1,1,1,0,3,3,3,2,0,0,163,6,4,2
922234,0,0,1,1,1,0,3,3,3,2,0,0,163,6,4,2
922764,0,0,1,1,1,0,3,3,3,2,0,0,162,6,4,2
923294,0,0,1,1,1,0,3,3,3,2,0,0,163,6,4,2
923824,0,0,1,1,1,0,3,3,3,2,0,0,165,6,4,2
924354,0,0,1,1,1,0,3,3,3,2,0,0,164,6,4,2
924884,0,0,1,1,1,0,3,3,3,2,0,0,164,6,4,2
925414,0,0,1,1,1,0,3,3,3,2,0,0,165,6,4,2
925944,0,0,1,1,1,0,3,3,3,2,0,0,164,6,4,2
926474,0,0,1,1,1,0,3,3,3,2,0,0,164,6,4,2
927004,0,0,1,1,1,0,3,3,3,2,0,0,164,6,4,2
927536,0,0,1,1,1,0,3,3,3,2,0,0,164,6,4,2
928066,0,0,1,1,1,0,3,3,3,2,0,0,165,6,4,2
928596,0,0,1,1,1,0,3,3,3,2,0,0,164,6,4,2
929126,0,0,1,1,1,0,3,3,3,2,0,0,164,6,4,2
929656,0,0,1,1,1,0,3,3,3,2,0,0,165,6,4,2
930188,0,0,1,1,1,0,3,3,3,2,0,0,164,6,4,2
930718,0,0,1,1,1,0,3,3,3,2,0,0,164,6,4,2
931248,0,0,1,1,1,0,3,3,3,2,0,0,165,6,4,2
931778,0,0,1,1,1,0,3,3,3,2,0,0,165,6,4,2
932308,0,0,1,1,1,0,3,3,3,2,0,0,164,6,4,2
932838,0,0,1,1,1,0,3,3,3,2,0,0,164,6,4,2
933370,0,0,1,1,1,0,3,3,3,2,0,0,164,6,4,2
933900,0,0,1,1,1,0,3,3,3,2,0,0,164,6,4,2
934430,0,0,1,1,1,0,3,3,3,2,0,0,164,6,4,2
934962,0,0,1,1,1,0,3,3,3,2,0,0,165,6,4,2
935492,0,0,1,1,1,0,3,3,3,2,0,0,164,6,4,2
936022,0,0,1,1,1,0,3,3,3,2,0,0,164,6,4,2
936552,0,0,1,1,1,0,3,3,3,2,0,0,164,6,4,2
937082,0,0,1,1,1,0,3,3,3,2,0,0,164,6,4,2
937612,0,0,1,1,1,0,3,3,3,2,0,0,165,6,4,2
938142,0,0,1,1,1,0,3,3,3,2,0,0,165,6,4,2
938672,0,0,1,1,1,0,3,3,3,2,0,0,164,6,4,2
939202,0,0,1,1,1,0,3,3,3,2,0,0,164,6,4,2
939732,0,0,1,1,1,0,2,3,3,2,0,0,150,6,3,2
940262,0,0,0,1,1,0,2,2,3,2,0,0,142,5,3,1
940792,0,0,0,0,1,0,2,2,3,2,0,0,140,5,3,0
941322,2,3,6,11,24,20,38,45,75,94,9,2,3224,119,83,22
941852,10,27,86,88,203,112,492,566,615,461,47,25,23457,1181,808,210
942384,4,10,38,38,78,39,231,266,219,192,21,10,9324,485,348,90
942914,3,8,25,31,63,32,151,176,175,156,17,6,7004,351,246,67
943444,5,13,38,45,100,57,226,258,288,248,25,11,11665,546,383,101
943974,7,20,61,67,151,80,360,414,438,347,36,18,17760,852,591,155
944504,9,24,75,81,185,99,438,506,545,423,43,21,21830,1051,722,190
945034,10,25,81,86,196,105,472,546,579,450,46,23,23278,1125,774,202
945564,11,28,87,93,214,114,506,584,633,488,50,25,25164,1217,833,219
946094,13,33,106,110,254,136,610,707,757,574,59,30,28156,1464,999,262
946624,14,35,109,115,266,144,626,727,799,601,61,31,28211,1526,1036,272
947154,12,34,110,112,260,134,628,730,781,565,57,31,28050,1511,1022,268
947684,0,1,12,2,4,0,71,84,16,4,0,3,1449,99,76,15
948216,0,0,0,1,1,0,2,3,4,3,0,0,176,7,3,1
948746,0,0,0,1,1,0,2,3,4,3,0,0,178,7,3,1
949276,0,0,1,1,1,0,3,3,4,4,0,0,180,7,4,1
949806,0,0,0,1,1,0,3,3,4,4,0,0,184,7,4,1
950338,0,0,0,1,1,0,3,3,4,4,0,0,187,7,4,1
950870,0,0,0,1,1,0,3,3,4,4,0,0,187,7,4,1
951402,0,0,1,0,1,0,2,3,4,4,0,0,186,7,3,1
951932,0,0,1,1,1,0,3,3,4,4,0,0,186,7,4,2
952462,0,0,0,1,1,0,2,3,4,4,0,0,188,7,3,1
952992,0,0,1,1,1,0,3,3,4,4,0,0,190,7,4,2
953522,0,0,1,1,1,0,3,3,4,4,0,0,191,7,4,2
954052,0,0,1,1,1,0,3,3,4,4,0,0,192,7,4,2
954582,0,0,1,1,1,0,3,3,4,4,0,0,192,7,4,2
955114,0,0,1,1,1,0,3,3,4,4,0,0,190,7,4,2
955644,0,0,0,1,1,0,3,3,4,4,0,0,190,7,4,1
956174,0,0,1,1,1,0,3,3,4,4,0,0,190,7,4,2
956704,0,0,1,1,1,0,3,3,4,4,0,0,188,7,4,2
957234,0,1,2,3,7,5,12,14,23,27,3,0,986,37,24,6
957764,3,7,20,23,51,31,112,135,158,149,15,5,6229,293,194,53
958294,4,12,36,40,86,46,210,252,272,226,22,10,10864,524,342,92
958824,4,10,32,35,76,40,188,223,237,197,19,9,9715,460,304,82
959356,4,10,32,35,74,41,184,220,234,199,20,9,9636,454,299,81
959886,4,11,32,35,76,41,187,224,241,201,20,9,9806,465,305,83
960416,4,11,32,35,75,41,186,222,239,201,20,9,9788,460,302,82
960946,4,10,31,34,72,40,182,216,231,196,19,8,9592,447,294,79
961476,3,9,28,31,65,35,167,195,208,177,18,8,8702,404,267,72
962006,3,8,24,27,56,30,144,168,177,153,15,6,7440,345,230,62
962538,2,7,21,24,49,26,126,149,156,137,13,6,6523,306,202,54
963068,2,7,20,23,46,25,119,142,148,129,13,5,6123,289,189,52
963600,2,6,17,19,38,21,98,118,123,113,11,4,5137,241,156,43
964130,1,5,15,15,31,14,87,107,100,81,8,3,4190,207,132,36
964660,0,0,0,1,1,0,2,3,4,4,0,0,200,7,3,1
965192,0,0,1,1,1,0,3,3,4,4,0,0,192,7,4,2
965722,0,0,0,1,1,0,3,3,4,4,0,0,190,7,4,1
966252,0,0,1,1,1,0,3,3,4,4,0,0,190,7,4,1
966784,0,0,0,1,1,0,3,3,4,4,0,0,190,7,4,1
967316,0,0,0,1,1,0,3,3,4,4,0,0,190,7,4,1
967846,0,0,1,1,1,0,3,3,4,4,0,0,191,7,4,2
968376,0,0,0,1,1,0,3,3,4,4,0,0,189,7,4,1
968906,0,0,0,1,1,0,2,3,4,4,0,0,190,7,3,1
969436,0,0,0,0,1,0,3,3,4,4,0,0,190,7,4,1
969966,0,0,0,1,1,0,2,3,4,4,0,0,189,7,3,1
970498,0,0,1,1,1,0,3,3,4,4,0,0,189,7,4,2
971028,0,0,0,1,1,0,3,3,4,4,0,0,190,7,4,1
971558,0,0,0,1,1,0,3,3,4,4,0,0,190,7,4,1
972090,0,0,0,1,1,0,3,3,4,4,0,0,190,7,4,1
972620,0,0,1,1,1,0,3,3,4,4,0,0,191,7,4,1
973150,0,0,0,1,1,0,3,3,4,4,0,0,191,7,4,1
973680,0,0,0,0,1,0,3,3,4,4,0,0,190,7,4,1
974210,0,0,1,1,1,0,3,3,4,4,0,0,191,7,4,2
974740,0,0,1,1,1,0,3,3,4,4,0,0,192,7,4,1
975270,0,0,1,1,1,0,3,3,4,4,0,0,193,7,4,2
975800,0,0,1,1,1,0,3,3,4,4,0,0,192,7,4,2
976330,0,0,1,1,1,0,3,3,4,4,0,0,192,7,4,2
976862,0,0,0,1,1,0,2,3,4,4,0,0,191,7,3,1
977392,0,0,1,1,1,0,3,3,4,4,0,0,190,7,4,2
977922,0,0,1,1,1,0,3,3,4,4,0,0,190,7,4,2
978452,0,0,1,1,1,0,3,3,4,4,0,0,190,7,4,2
978982,0,0,1,1,1,0,3,3,4,4,0,0,190,7,4,2
979514,0,0,1,1,1,0,3,3,4,4,0,0,190,7,4,2
980044,0,0,0,1,1,0,3,3,4,4,0,0,191,7,4,1
980574,0,0,0,1,1,0,3,3,4,4,0,0,191,7,4,1
981104,0,0,1,1,1,0,3,3,4,4,0,0,191,7,4,1
981634,0,0,1,1,1,0,3,3,4,4,0,0,193,7,4,2
982164,0,0,1,1,1,0,3,3,4,4,0,0,193,7,4,2
982696,0,0,0,0,1,0,2,3,4,4,0,0,192,7,3,0
983228,0,0,1,1,1,0,3,3,4,4,0,0,193,7,4,2
983758,0,0,1,1,1,0,3,3,4,4,0,0,193,7,4,2
984288,0,0,0,1,1,0,3,3,4,4,0,0,191,7,4,1
984818,0,0,1,1,1,0,3,3,4,4,0,0,192,7,4,2
985348,0,0,1,1,1,0,3,3,4,4,0,0,193,7,4,2
985880,0,0,1,1,1,0,3,3,4,4,0,0,191,7,4,1
986410,0,0,0,1,1,0,3,3,4,4,0,0,190,7,4,1
986940,0,0,1,1,1,0,3,3,4,4,0,0,192,7,4,2
987470,0,0,0,1,1,0,3,3,4,4,0,0,194,7,4,1
988000,0,0,1,1,2,1,3,3,7,11,1,0,355,11,6,2
988530,1,3,9,11,23,14,53,64,77,75,7,2,3119,142,90,25
989060,1,4,12,13,27,14,69,83,89,79,8,3,3629,172,110,30
989590,1,4,11,13,25,14,65,78,85,77,8,3,3480,163,104,29
990120,1,4,11,11,23,12,63,76,78,67,7,3,3201,154,98,27
990650,0,1,4,4,7,3,21,27,26,24,2,1,1174,53,31,9
991182,0,0,0,1,1,0,3,3,4,4,0,0,195,7,4,1
991712,0,0,1,1,1,0,3,3,4,4,0,0,198,7,4,2
992242,0,0,0,1,1,0,3,3,4,4,0,0,196,7,4,1
992774,0,0,0,1,1,0,3,3,4,4,0,0,196,7,4,1
993304,0,0,1,1,1,0,3,3,4,4,0,0,197,7,4,2
993836,0,0,1,1,1,0,3,3,4,4,0,0,197,7,4,2
994366,0,0,0,1,1,0,3,3,4,4,0,0,197,7,4,1
994896,0,0,0,1,1,0,3,3,4,4,0,0,197,7,4,1
995426,0,0,1,1,1,0,3,3,4,4,0,0,197,7,4,2
995958,0,0,1,0,1,0,3,3,4,4,0,0,198,7,4,1
996488,0,0,1,1,1,0,3,3,5,4,0,0,200,8,4,2
997018,0,0,1,1,1,0,3,3,4,4,0,0,199,7,4,1
997548,0,0,1,1,1,0,3,3,5,4,0,0,200,8,4,2
998078,0,0,1,0,1,0,3,3,4,4,0,0,199,8,4,1
998608,0,0,1,1,1,0,3,4,5,4,0,0,201,9,4,2
999138,0,0,1,1,1,0,3,3,5,4,0,0,199,8,4,2
999668,0,0,0,1,1,0,3,3,4,4,0,0,196,7,4,1
1000198,0,0,1,1,1,0,3,3,4,4,0,0,197,7,4,2
1000728,0,0,1,1,1,0,3,3,5,4,0,0,197,8,4,2
1001258,0,0,1,1,1,0,3,3,4,4,0,0,196,7,4,2
1001790,0,0,1,1,1,0,3,3,4,4,0,0,196,7,4,2
1002320,0,0,0,1,1,0,3,3,4,4,0,0,195,7,4,1
1002850,0,0,1,1,1,0,3,3,4,4,0,0,194,7,4,1
1003380,0,1,3,4,8,4,15,19,27,23,2,1,966,46,27,8
1003910,0,1,4,4,8,3,22,26,27,20,2,1,1015,53,33,9
1004440,0,0,0,1,1,0,3,3,4,4,0,0,193,7,4,1
1004970,0,0,1,1,1,0,3,3,5,4,0,0,201,8,4,2
1005500,0,0,1,1,1,0,3,4,5,4,0,0,202,8,4,2
1006030,0,0,1,1,1,0,3,3,4,4,0,0,198,7,4,2
1006562,0,0,0,1,1,0,3,3,4,4,0,0,198,7,4,1
1007094,0,0,0,1,1,0,3,3,4,4,0,0,197,7,4,1
1007626,0,0,0,1,1,0,3,3,4,4,0,0,196,7,4,1
1008156,0,0,1,1,1,0,3,3,5,4,0,0,200,8,4,2
1008688,0,0,1,1,1,0,3,3,4,4,0,0,197,7,4,1
1009220,0,0,1,1,1,0,3,3,4,4,0,0,197,7,4,1
1009750,0,0,0,1,1,0,3,3,4,4,0,0,196,7,4,1
1010280,0,0,1,1,1,0,3,3,5,4,0,0,198,8,4,1
1010810,0,0,1,1,1,0,3,3,5,4,0,0,200,8,4,2
1011340,0,0,0,1,1,0,3,3,5,4,0,0,200,8,4,1
1011870,0,0,1,1,1,0,3,4,5,4,0,0,204,9,4,2
1012400,0,0,1,1,1,0,3,4,5,4,0,0,201,8,4,2
1012930,0,0,1,1,1,0,3,4,5,4,0,0,206,9,4,2
1013460,0,0,1,1,1,0,3,4,5,5,0,0,214,9,4,2
1013992,0,0,1,1,1,0,3,4,5,4,0,0,213,9,4,2
1014522,0,0,1,1,1,0,3,4,5,4,0,0,201,8,4,2
1015054,0,0,1,1,1,0,3,3,4,4,0,0,195,7,4,2
1015584,0,0,1,1,1,0,3,3,4,4,0,0,199,7,4,2
1016114,0,0,1,1,1,0,3,3,4,4,0,0,198,7,4,2
1016644,0,0,1,1,1,0,3,3,4,4,0,0,193,7,4,2
1017174,0,0,1,1,1,0,3,3,4,4,0,0,196,7,4,2
1017706,0,0,0,1,1,0,3,3,4,4,0,0,196,7,4,1
1018238,0,0,1,1,1,0,3,3,4,4,0,0,196,7,4,1
1018768,0,0,1,1,1,0,3,3,4,4,0,0,195,7,4,1
1019300,0,0,1,1,1,0,3,3,4,4,0,0,196,7,4,2
1019830,0,0,1,1,1,0,3,3,4,4,0,0,195,7,4,1
1020362,0,0,0,1,1,0,3,3,4,4,0,0,193,7,4,1
1020892,0,0,0,1,1,0,3,3,4,4,0,0,192,7,4,1
1021422,0,0,0,1,1,0,2,3,4,4,0,0,195,7,3,1
1021952,0,0,1,1,1,0,3,3,5,4,0,0,199,8,4,2
1022482,0,0,1,1,1,0,3,3,4,4,0,0,196,7,4,2
1023012,0,0,1,1,1,0,3,3,4,4,0,0,198,7,4,1
1023544,0,0,1,1,1,0,3,3,4,4,0,0,198,7,4,2
1024076,0,0,1,1,1,0,3,3,4,4,0,0,198,7,4,2
1024606,0,0,0,1,1,0,3,3,4,4,0,0,198,7,4,1
1025136,0,0,1,1,1,0,3,3,4,4,0,0,196,7,4,2
1025666,0,0,1,1,1,0,3,3,4,4,0,0,197,7,4,2
1026196,0,0,0,1,1,0,3,3,5,4,0,0,201,8,4,1
1026726,0,0,1,1,1,0,3,3,4,4,0,0,202,7,4,1
1027258,0,0,1,1,1,0,3,3,4,4,0,0,201,7,4,2
1027788,0,0,1,1,1,0,3,3,4,4,0,0,202,7,4,1
1028318,0,0,1,1,1,0,3,3,4,4,0,0,202,7,4,2
1028848,0,0,1,1,1,0,3,3,4,4,0,0,201,7,4,2
1029378,0,0,1,1,1,0,3,3,4,4,0,0,198,7,4,2
1029908,0,0,1,1,1,0,3,3,4,4,0,0,200,7,4,1
1030438,0,0,1,1,1,0,3,3,4,4,0,0,198,7,4,1
1030968,0,0,0,1,1,0,3,3,5,4,0,0,199,8,4,1
1031498,0,0,1,1,1,0,3,3,4,4,0,0,200,7,4,2
1032028,0,0,1,1,1,0,3,3,5,4,0,0,200,8,4,2
1032558,0,0,1,1,1,0,3,4,4,4,0,0,201,8,4,2
1033090,0,0,0,1,1,0,3,3,5,4,0,0,201,8,4,1
1033622,0,0,1,1,1,0,3,3,4,4,0,0,201,8,4,2
1034152,0,0,1,1,1,0,3,3,4,4,0,0,198,7,4,2
1034682,0,0,0,1,1,0,3,3,4,4,0,0,193,7,4,1
1035212,0,0,0,1,1,0,3,3,4,4,0,0,194,7,4,1
1035742,0,0,0,1,1,0,3,3,4,4,0,0,196,7,4,1
1036272,0,0,1,1,1,0,3,3,4,4,0,0,199,7,4,2
1036802,0,0,0,1,1,0,3,3,4,4,0,0,201,7,4,1
1037334,0,0,0,1,1,0,3,3,5,4,0,0,200,8,4,1
1037866,0,0,0,1,1,0,3,3,4,4,0,0,201,7,4,1
1038396,0,0,0,1,1,0,3,3,5,4,0,0,201,8,4,1
1038926,0,0,1,1,1,0,3,3,5,4,0,0,204,8,4,2
1039456,0,0,0,1,1,0,3,3,4,4,0,0,192,7,4,1
1039986,0,0,0,1,1,0,3,3,5,5,0,0,217,8,4,1
1040516,0,0,0,0,1,0,3,3,4,4,0,0,197,7,4,1
1041046,0,0,0,0,1,0,2,2,3,2,0,0,133,5,3,0
1041576,0,0,0,0,1,0,2,2,3,2,0,0,127,5,3,0
1042108,0,0,0,0,1,0,2,2,3,2,0,0,146,6,3,0
1042638,0,0,1,1,1,0,2,3,3,2,0,0,152,6,3,2
1043168,0,0,1,1,1,0,3,3,3,2,0,0,161,6,4,2
1043700,0,0,1,1,1,0,3,3,3,2,0,0,164,6,4,2
1044230,0,0,1,1,1,0,3,3,3,2,0,0,162,6,4,2
1044760,0,0,1,1,1,0,3,3,3,2,0,0,161,6,4,2
1045290,0,0,1,1,1,0,3,3,3,2,0,0,162,6,4,2
1045822,0,0,1,1,1,0,3,3,3,2,0,0,165,6,4,2
1046352,0,0,1,1,1,0,3,3,3,2,0,0,167,6,4,2
1046882,0,0,1,1,1,0,3,3,3,2,0,0,167,6,4,2
1047412,0,0,1,1,1,0,3,3,3,2,0,0,164,6,4,2
1047942,0,0,1,1,1,0,3,3,3,2,0,0,163,6,4,2
1048472,0,0,1,1,1,0,3,3,3,2,0,0,164,6,4,2
1049002,0,0,1,1,1,0,3,3,3,2,0,0,165,6,4,2
1049532,0,0,1,1,1,0,3,3,3,2,0,0,164,6,4,2
1050062,0,0,1,1,1,0,3,3,3,2,0,0,165,6,4,2
1050594,0,0,1,1,1,0,3,3,3,2,0,0,165,6,4,2
1051124,0,0,1,1,1,0,3,3,3,2,0,0,164,6,4,2
1051654,0,0,1,1,1,0,3,3,3,2,0,0,165,6,4,2
1052184,0,0,1,1,1,0,3,3,3,2,0,0,164,6,4,2
1052714,0,0,1,1,1,0,3,3,3,2,0,0,165,6,4,2
1053244,0,0,1,1,1,0,3,3,3,2,0,0,165,6,4,2
1053774,0,0,1,1,1,0,3,3,3,2,0,0,164,6,4,2
1054304,0,0,1,1,1,0,3,3,3,2,0,0,164,6,4,2
1054834,0,0,1,1,1,0,3,3,3,2,0,0,164,6,4,2
1055364,0,0,1,1,1,0,3,3,3,2,0,0,165,6,4,2
1055894,0,0,1,1,1,0,3,3,3,2,0,0,164,6,4,2
1056424,0,0,1,1,1,0,3,3,3,2,0,0,165,6,4,2
1056954,0,0,1,1,1,0,3,3,3,2,0,0,165,6,4,2
1057484,0,0,1,1,1,0,3,3,3,2,0,0,165,6,4,2
1058014,0,0,1,1,1,0,3,3,3,2,0,0,164,6,4,2
1058544,0,0,1,1,1,0,3,3,3,2,0,0,165,6,4,2
1059074,0,0,1,1,1,0,3,3,3,2,0,0,165,6,4,2
1059604,0,0,1,1,1,0,3,3,3,2,0,0,164,6,4,2
1060134,0,0,1,1,1,0,3,3,3,2,0,0,164,6,4,2
1060664,0,0,1,1,1,0,3,3,3,2,0,0,163,6,4,2
1061194,0,0,1,1,1,0,3,3,3,2,0,0,164,6,4,2
1061726,0,0,1,1,1,0,3,3,3,2,0,0,164,6,4,2
1062256,0,0,1,1,1,0,3,3,3,2,0,0,164,6,4,2
1062786,0,0,1,1,1,0,3,3,3,2,0,0,164,6,4,2
1063316,0,0,1,1,1,0,3,3,3,2,0,0,164,6,4,2
1063846,0,0,1,1,1,0,3,3,3,2,0,0,165,6,4,2
1064376,0,0,1,1,1,0,3,3,3,2,0,0,165,6,4,2
1064906,0,0,1,1,1,0,3,3,3,2,0,0,166,6,4,2
1065436,0,0,1,1,1,0,3,3,3,2,0,0,164,6,4,2
1065966,0,0,1,1,1,0,3,3,3,2,0,0,164,6,4,2
1066498,0,0,1,1,1,0,3,3,3,2,0,0,164,6,4,2
1067028,0,0,1,1,1,0,3,3,3,2,0,0,164,6,4,2
1067560,0,0,1,1,1,0,3,3,3,2,0,0,163,6,4,2
1068092,0,0,1,1,1,0,2,3,3,2,0,0,154,6,3,2
1068622,0,0,1,1,1,0,2,3,3,2,0,0,145,6,3,2
1069154,0,0,1,1,1,0,2,3,3,2,0,0,149,6,3,2
1069684,0,0,0,0,1,0,2,2,3,2,0,0,132,5,3,0
1070214,0,0,0,0,1,0,2,3,4,4,0,0,173,7,4,1
1070744,0,0,1,1,2,1,5,6,8,6,1,0,293,14,8,2
1071276,0,0,1,1,1,1,4,5,6,5,0,0,252,11,6,2
1071808,0,0,1,1,2,1,4,5,7,5,0,0,270,12,7,2
1072338,0,0,1,1,2,1,4,5,6,5,0,0,257,11,7,2
1072868,0,0,1,1,2,1,4,5,7,6,0,0,278,12,7,2
1073398,0,0,3,1,2,1,14,14,7,6,0,52,622,22,17,4
1073928,0,0,1,1,2,1,5,6,8,6,0,0,312,14,8,2
1074458,0,0,2,2,3,1,9,10,11,6,0,18,503,21,12,4
1074988,0,0,1,1,2,1,5,6,7,6,0,0,308,13,8,2
1075518,0,0,1,1,2,1,5,6,7,6,0,0,306,13,8,2
1076050,0,0,1,1,2,1,4,5,7,6,0,0,300,12,7,2
1076580,0,0,1,1,2,1,4,5,7,5,0,0,283,12,7,2
1077110,1,0,1,1,2,2,4,5,7,18,6,0,455,12,8,3
1077640,0,0,1,1,2,1,4,5,7,5,0,0,277,12,7,2
1078170,0,0,3,1,2,1,14,14,8,5,0,56,613,22,17,5
1078700,0,0,1,1,2,1,4,5,6,5,0,0,272,11,7,2
1079230,0,0,1,1,2,1,4,5,6,5,0,0,273,11,7,2
1079760,0,0,1,1,2,1,4,5,6,5,0,0,273,11,7,2
1080290,0,0,1,1,1,0,3,4,5,3,0,0,200,9,4,1
1080820,0,0,1,1,1,1,4,5,6,6,1,0,266,11,6,2
1081350,0,0,1,1,2,1,5,6,8,6,1,0,320,14,8,2
1081880,0,1,1,3,4,1,5,7,15,7,1,0,501,21,10,4
1082410,0,0,1,1,2,1,5,7,9,7,1,0,349,16,8,2
1082942,17,3,1,10,13,20,5,6,34,275,159,0,3345,40,38,31
1083472,0,0,1,1,2,1,5,6,8,6,0,0,319,14,8,2
1084002,0,0,1,1,2,1,4,5,7,5,0,0,280,12,7,2
1084532,0,0,1,1,1,0,2,3,4,3,0,0,186,7,3,2
1085064,0,0,1,1,1,0,2,3,4,3,0,0,172,7,3,2
1085596,0,0,0,1,1,0,2,3,4,3,0,0,172,7,3,1
1086128,0,0,0,1,1,0,2,3,4,3,0,0,173,7,3,1
1086658,0,0,1,1,1,0,3,3,4,3,0,0,172,7,4,2
1087188,0,0,1,1,1,0,2,3,4,3,0,0,175,7,3,2
1087718,0,0,0,1,1,0,2,3,4,3,0,0,174,7,3,1
1088248,0,0,1,1,1,0,2,3,4,3,0,0,173,7,3,2
1088780,0,0,1,1,1,0,2,3,4,3,0,0,170,7,3,2
1089310,0,0,0,1,1,0,2,3,4,3,0,0,169,7,3,1
1089840,0,0,0,1,1,0,2,3,4,3,0,0,165,7,3,1
1090370,0,0,0,1,1,0,2,3,3,3,0,0,164,6,3,1
1090900,0,0,0,1,1,0,2,3,4,3,0,0,163,7,3,1
1091430,0,0,0,1,1,0,2,3,4,3,0,0,163,7,3,1
1091960,0,0,0,1,1,0,2,3,4,3,0,0,163,7,3,1
1092492,0,0,0,1,1,0,2,3,4,3,0,0,167,7,3,1
1093022,0,0,0,1,1,0,2,3,4,3,0,0,169,7,3,1
1093552,0,0,0,1,1,0,2,3,4,3,0,0,169,7,3,1
1094082,0,0,0,1,1,0,2,3,4,3,0,0,172,7,3,1
1094612,0,0,0,1,1,0,3,3,4,4,0,0,195,7,4,1
1095142,0,0,0,1,1,0,3,3,4,3,0,0,190,7,4,1
1095672,0,0,0,1,1,0,3,4,5,3,0,9,261,8,4,1
1096202,0,0,0,1,1,0,2,3,4,3,0,0,177,7,3,1
1096732,0,0,1,1,1,0,2,3,4,3,0,0,173,7,3,2
1097264,0,0,0,1,1,0,2,3,4,3,0,0,175,7,3,1
1097794,0,0,0,1,1,0,2,3,4,3,0,0,178,7,3,1
1098324,0,0,0,1,1,0,2,3,4,3,0,0,178,7,3,1
1098856,0,0,1,1,1,0,2,3,4,3,0,0,178,7,3,1
1099386,0,0,0,1,1,0,2,3,4,3,0,0,177,7,3,1
1099916,0,0,1,1,1,0,2,3,4,3,0,0,178,7,3,1
1100448,0,0,1,1,1,0,2,3,4,3,0,0,179,7,3,2
1100978,0,0,0,1,1,0,2,3,4,3,0,1,204,7,3,1
1101508,0,0,0,1,1,0,2,3,4,3,0,0,174,7,3,1
1102038,0,0,0,1,1,0,2,3,4,3,0,0,172,7,3,1
1102568,0,0,0,0,1,0,2,3,4,3,0,0,173,7,3,1
1103098,0,0,0,1,1,0,2,3,4,3,0,0,180,7,3,1
1103628,0,0,0,0,1,0,2,3,4,4,0,1,224,7,4,0
1104158,0,0,0,1,1,0,2,3,4,3,0,0,175,7,3,1
1104688,0,0,0,1,1,0,2,3,4,3,0,0,173,7,3,1
1105218,0,0,1,1,1,0,2,3,4,3,0,0,175,7,3,2
1105748,0,0,0,1,1,0,2,3,4,3,0,0,172,7,3,1
1106278,0,0,0,0,1,0,2,3,4,3,0,0,168,7,3,0
1106808,0,0,0,1,1,0,2,3,4,3,0,0,169,7,3,1
1107338,0,0,0,1,1,0,2,3,4,3,0,0,170,7,3,1
1107868,0,0,0,1,1,0,2,3,4,3,0,0,172,7,3,1
1108400,0,0,0,0,1,0,2,3,4,3,0,3,194,7,3,1
1108930,0,0,0,1,1,0,2,3,4,3,0,0,173,7,3,1
1109460,0,0,0,1,1,0,2,3,4,3,0,0,170,7,3,1
1109990,0,0,0,1,1,0,2,3,4,3,0,0,169,7,3,1
1110522,0,0,1,1,1,0,2,3,4,3,0,0,170,7,3,2
1111052,0,0,0,1,1,0,2,3,4,3,0,0,170,7,3,1
1111582,0,0,0,1,1,0,2,3,4,3,0,0,170,7,3,1
1112112,0,0,1,1,1,0,2,3,4,3,0,0,171,7,3,2
1112642,0,0,1,1,1,0,2,3,4,3,0,0,170,7,3,2
1113172,0,0,0,1,1,0,2,3,4,3,0,0,170,7,3,1
1113702,0,0,1,1,1,0,2,3,4,3,0,0,170,7,3,2
1114232,0,0,0,1,1,0,2,3,4,3,0,0,169,7,3,1
1114762,0,0,0,1,1,0,2,3,4,3,0,0,170,7,3,1
1115292,0,0,1,1,1,0,2,3,4,3,0,0,170,7,3,2
1115824,0,0,1,1,1,0,2,3,4,3,0,0,171,7,3,2
1116354,0,0,1,1,1,0,3,3,4,3,0,0,176,7,4,2
1116886,0,0,1,1,1,0,3,3,4,3,0,0,185,7,4,2
1117416,5,55,253,264,198,35,225,215,71,53,7,3,6815,286,457,577
1117946,3,16,147,92,92,23,154,138,41,35,4,2,4172,180,269,257
1118478,2,7,97,47,52,16,86,78,31,23,2,1,2851,108,153,154
1119008,1,3,39,21,20,7,30,30,15,10,1,0,1249,45,57,63
1119538,0,2,33,17,16,5,24,25,13,9,1,0,1067,38,46,53
1120070,0,2,27,14,14,5,20,20,11,8,1,0,903,31,39,43
1120600,0,2,21,12,11,4,16,17,10,7,1,0,755,26,31,35
1121130,0,1,19,11,10,4,14,14,9,7,1,0,723,23,28,31
1121660,1,4,48,31,17,11,32,36,22,14,2,0,1740,58,60,83
1122190,0,2,30,17,11,5,20,23,13,8,1,0,1024,36,37,48
1122720,0,2,25,15,10,5,17,19,12,7,1,0,912,31,32,42
1123250,0,1,20,12,8,4,14,15,10,7,1,0,745,25,26,33
1123780,0,1,15,8,6,2,11,12,8,5,0,0,561,20,19,24
1124310,0,0,1,2,1,1,4,5,5,4,0,0,283,10,6,3
1124842,0,0,1,2,1,1,3,5,5,3,0,0,271,10,5,3
1125374,0,0,1,1,1,0,2,3,4,3,0,0,199,7,3,2
1125904,1,6,2,5,2,24,5,11,50,39,1,0,3343,61,32,13
1126436,0,3,2,2,2,11,4,5,34,21,0,0,2209,40,17,7
1126966,0,3,2,2,2,12,4,6,32,21,1,0,2081,38,18,7
1127498,0,2,1,2,2,11,4,5,32,22,0,0,1995,37,17,5
1128028,0,1,1,2,2,6,4,5,29,20,0,0,1839,34,12,5
1128560,0,1,2,1,1,1,4,4,24,23,0,0,1591,28,7,4
1129090,0,0,1,1,1,1,4,4,17,16,0,0,1148,21,6,3
1129620,0,0,1,1,1,1,4,4,15,15,0,0,989,19,6,2
1130150,1,2,4,4,3,2,7,6,40,49,1,0,3175,47,12,10
1130680,1,6,4,5,7,7,10,7,80,72,7,0,4204,87,24,15
1131210,6,30,86,107,135,68,140,71,103,69,7,1,6063,174,343,229
1131742,4,42,200,162,146,50,220,158,69,44,5,3,5292,227,416,408
1132272,7,63,306,283,217,82,303,229,85,60,5,4,7842,314,602,659
1132802,1,7,101,76,28,7,99,83,27,9,1,1,1924,110,134,185
1133332,0,0,1,1,1,0,3,3,4,3,0,0,193,7,4,2
1133862,0,0,1,1,1,0,2,3,4,3,0,0,179,7,3,1
1134392,0,0,1,1,1,0,2,3,4,3,0,0,173,7,3,2
1134922,0,0,1,1,1,0,2,3,4,3,0,0,174,7,3,2
1135452,0,0,1,1,1,0,2,3,4,3,0,0,174,7,3,2
1135984,0,0,0,1,1,0,2,3,4,3,0,0,178,7,3,1
1136514,0,0,1,1,1,0,3,3,4,3,0,0,183,7,4,2
1137046,0,1,1,2,2,0,3,4,9,8,1,6,556,12,5,4
1137576,0,0,1,1,1,1,3,3,7,10,2,2,457,10,5,2
1138106,0,1,1,1,1,1,3,3,9,19,3,5,673,13,5,3
1138636,0,1,1,1,1,1,3,4,10,17,5,5,746,14,6,3
1139166,0,2,1,1,2,2,5,5,11,16,7,5,844,16,8,4
1139698,0,0,1,1,1,0,3,3,5,6,1,2,339,8,4,2
1140228,0,0,1,1,1,1,3,3,8,9,2,6,564,11,5,2
1140760,0,0,1,1,1,0,3,3,5,5,1,4,435,9,4,2
1141292,0,0,1,1,1,0,3,3,5,5,1,4,413,8,4,2
1141822,0,0,1,1,1,0,3,3,5,5,1,4,391,8,4,2
1142352,0,0,1,1,1,0,3,3,5,5,1,3,379,8,4,2
1142882,0,0,1,1,1,0,3,3,5,5,1,2,327,8,4,2
1143412,1,1,1,2,3,1,5,6,10,19,11,17,726,16,9,5
1143942,2,2,3,7,8,4,18,21,34,70,41,162,2824,55,30,14
1144474,2,3,4,7,9,4,22,25,40,71,43,246,3716,66,35,16
1145004,2,2,4,6,8,4,20,23,34,64,38,219,3278,57,32,14
1145536,2,2,3,6,7,4,17,19,32,65,40,185,3080,51,28,13
1146068,4,5,6,12,14,8,34,38,65,141,89,415,6560,103,56,26
1146598,2,3,5,8,10,5,26,28,46,89,55,301,4533,74,41,18
1147128,1,2,4,6,7,2,21,24,31,37,21,237,2773,55,30,12
1147660,0,0,1,1,1,0,3,3,4,3,0,0,177,7,4,2
1148190,0,0,1,1,1,0,3,3,4,3,0,0,177,7,4,2
1148722,0,0,1,1,1,0,3,3,4,3,0,0,175,7,4,2
1149252,0,0,0,1,1,0,3,3,4,3,0,0,175,7,4,1
1149784,0,0,1,1,1,0,2,3,4,3,0,0,171,7,3,2
1150314,0,0,1,1,1,0,3,3,4,4,0,0,181,7,4,2
1150844,0,0,1,1,1,0,3,3,4,4,0,0,183,7,4,2
1151376,0,0,1,1,1,0,3,3,4,3,0,0,177,7,4,2
1151908,0,0,1,1,1,1,3,4,5,4,0,0,204,9,5,2
1152438,0,0,1,1,2,1,4,4,6,4,0,0,243,10,6,2
1152968,0,0,1,1,2,1,4,5,6,5,1,0,278,12,7,2
1153498,0,0,1,1,2,1,5,6,8,6,0,0,301,14,8,2
1154028,0,0,1,1,1,0,3,4,4,3,0,0,185,8,4,2
1154558,0,0,0,1,1,0,3,3,4,3,0,0,174,7,4,1
1155088,0,0,1,1,1,0,3,3,4,3,0,0,175,7,4,2
1155620,0,0,1,1,1,0,3,3,4,3,0,0,175,7,4,2
1156150,0,0,1,1,1,0,3,3,4,3,0,0,176,7,4,2
1156680,0,0,1,1,1,0,3,3,4,3,0,0,178,7,4,2
1157210,0,0,1,1,1,0,3,3,4,3,0,0,178,7,4,2
1157740,0,0,1,1,1,0,3,3,4,3,0,0,178,7,4,2
1158270,0,0,1,1,1,0,3,3,4,3,0,0,178,7,4,2
1158800,0,0,0,1,1,0,3,3,4,3,0,0,180,7,4,1
1159330,0,0,1,1,1,0,3,3,4,3,0,0,176,7,4,2
1159862,0,0,1,1,1,0,3,3,4,3,0,0,181,7,4,1
1160392,0,0,1,1,1,0,3,3,4,4,0,0,196,8,4,2
1160922,0,0,1,1,1,0,3,4,5,4,0,0,209,8,4,2
1161452,0,0,1,1,1,0,3,3,4,3,0,0,180,7,4,2
1161984,0,0,0,1,1,0,3,3,4,3,0,0,180,7,4,1
1162516,0,0,1,1,1,0,3,3,4,3,0,0,180,7,4,2
1163046,0,0,1,1,1,0,3,3,4,3,0,0,179,7,4,1
1163576,0,0,1,1,1,0,3,3,4,3,0,0,179,7,4,1
1164106,0,0,1,1,1,0,3,3,4,3,0,0,179,7,4,2
1164636,0,0,0,0,1,0,3,3,4,3,0,0,178,7,4,0
1165166,0,0,1,1,1,0,3,3,4,3,0,0,178,7,4,2
1165696,0,0,1,1,1,0,3,3,4,3,0,0,178,7,4,1
1166226,0,0,1,1,1,0,3,3,4,3,0,0,178,7,4,1
1166758,0,0,1,0,1,0,3,3,4,3,0,0,178,7,4,1
1167288,0,0,1,1,1,0,3,3,4,3,0,0,178,7,4,2
1167820,0,0,1,1,1,0,3,3,4,3,0,0,180,7,4,2
1168350,0,0,1,1,1,0,3,3,4,3,0,0,180,7,4,2
1168880,0,0,1,1,1,0,3,4,5,4,0,0,203,8,4,1
1169410,0,0,1,1,2,1,4,5,7,6,0,0,280,12,6,2
1169940,0,0,1,1,2,1,4,6,7,5,0,0,273,13,7,2
1170470,0,0,1,1,1,1,4,5,6,5,0,0,240,11,6,2
1171002,0,0,1,1,1,1,3,5,6,5,0,0,236,11,5,2
1171532,0,0,1,1,1,1,4,4,6,5,0,0,227,10,6,2
1172062,0,0,1,1,1,1,4,4,6,5,0,0,227,10,5,2
1172592,0,0,1,1,1,1,4,4,6,5,0,0,222,10,6,2
1173122,0,0,1,1,1,1,3,4,6,4,0,0,217,10,5,2
1173654,0,0,1,1,1,0,3,4,5,4,0,0,212,9,4,2
1174184,0,0,1,1,1,0,3,4,5,4,0,0,211,9,4,2
1174714,0,0,1,1,1,1,3,4,5,5,0,0,217,9,5,2
1175244,0,0,1,1,2,1,4,5,6,6,1,0,246,11,6,2
1175774,0,0,1,1,2,0,4,5,7,5,0,0,258,12,6,2
1176304,0,0,1,1,1,0,3,5,6,5,0,0,233,11,5,2
1176834,0,0,1,1,1,0,3,4,6,5,0,0,224,10,4,2
1177364,0,0,1,1,2,0,4,5,6,5,0,0,280,11,7,2
1177896,0,0,1,1,1,1,3,4,6,5,0,0,278,10,5,2
1178426,0,0,1,1,1,1,3,4,6,5,0,0,276,10,5,2
1178958,0,0,1,1,2,1,3,4,6,6,0,0,283,11,6,2
1179488,1,0,1,1,2,4,4,6,8,33,14,0,718,13,10,3
1180018,0,0,1,1,2,1,4,5,6,5,0,0,256,11,7,2
1180548,0,0,1,1,2,1,4,5,6,5,0,0,256,11,6,2
1181078,0,0,1,1,2,1,4,5,7,5,0,0,260,12,7,2
1181608,0,0,1,1,2,1,4,5,6,5,0,0,253,11,7,2
1182138,0,0,1,1,2,1,4,5,7,6,0,0,283,12,7,2
1182668,0,0,1,1,2,1,4,5,7,5,0,0,279,12,7,2
1183198,0,1,1,2,4,1,4,5,12,5,0,0,428,17,9,4
1183728,0,0,1,1,2,1,4,5,7,5,0,0,278,12,7,2
1184258,0,1,1,4,6,1,6,7,19,5,0,9,636,25,13,7
1184788,0,0,1,1,2,1,4,5,7,5,0,0,271,12,7,2
1185320,2,25,15,42,40,5,74,96,136,92,54,643,5557,231,119,84
1185850,4,6,7,17,16,9,38,46,75,150,86,384,5415,122,64,34
1186382,5,6,8,16,17,10,47,54,84,177,106,550,7959,138,74,34
1186912,5,6,9,15,18,10,49,55,86,177,112,656,9109,141,77,35
1187442,6,8,10,20,24,11,55,61,109,190,125,730,10696,170,90,44
1187972,7,8,10,19,23,11,51,60,93,142,123,563,6700,153,85,45
1188502,5,6,7,12,15,7,39,36,47,64,64,270,4066,83,62,30
1189032,5,6,7,12,15,7,40,34,42,60,60,246,3949,77,62,29
1189562,4,6,6,13,15,7,35,34,51,70,76,248,3844,84,58,29
1190092,5,6,6,13,15,7,35,35,53,84,85,261,3973,88,57,30
1190622,5,6,7,14,16,7,34,38,69,120,92,316,4118,107,57,32
1191152,4,5,7,12,14,7,32,38,61,110,80,367,4166,99,53,28
1191682,4,5,6,12,14,7,30,36,61,109,79,349,4054,98,51,27
1192212,1,2,3,5,5,2,15,17,24,41,27,130,1535,41,22,11
1192742,0,0,1,1,2,1,4,5,7,7,1,0,275,12,7,2
1193274,0,0,0,1,1,0,3,5,5,3,0,0,207,9,5,1
1193804,0,0,0,1,1,0,2,3,4,3,0,0,167,7,3,1
1194334,0,0,1,1,1,0,2,3,4,3,0,0,168,7,3,2
1194864,0,0,1,1,1,0,2,3,4,3,0,0,169,7,3,2
1195394,0,0,0,1,1,0,2,3,4,3,0,0,169,7,3,1
1195924,0,0,0,1,1,0,2,3,4,3,0,0,169,7,3,1
1196454,0,0,0,1,1,0,2,3,4,3,0,0,169,7,3,1
1196984,0,0,1,1,1,0,2,3,4,3,0,0,169,7,3,1
1197514,0,0,0,1,1,0,2,3,4,3,0,0,169,7,3,1
1198044,0,0,0,1,1,0,2,3,4,3,0,0,169,7,3,1
1198574,0,0,1,1,1,0,2,3,4,3,0,0,169,7,3,2
1199104,0,0,0,1,1,0,2,3,4,3,0,0,169,7,3,1
1199634,0,0,0,1,1,0,2,3,4,3,0,0,169,7,3,1
1200164,0,0,0,1,1,0,2,3,4,3,0,0,169,7,3,1
1200694,0,0,1,1,1,0,3,3,4,3,0,0,169,7,4,2
1201226,0,0,1,1,1,0,2,3,4,3,0,0,169,7,3,2
1201758,0,0,1,1,1,0,3,3,4,3,0,0,170,7,4,2
1202288,0,0,0,1,1,0,2,3,4,3,0,0,170,7,3,1
1202818,0,0,0,0,1,0,2,3,4,3,0,0,169,7,3,1
1203348,0,0,0,1,1,0,2,3,4,3,0,0,169,7,3,1
1203880,0,0,1,1,1,0,2,3,4,3,0,0,169,7,3,1
1204412,0,0,0,1,1,0,2,3,4,3,0,0,169,7,3,1
1204942,0,0,1,1,1,0,2,3,4,3,0,0,170,7,3,2
1205472,0,0,1,1,1,0,2,3,4,3,0,0,169,7,3,2
1206002,0,0,1,1,1,0,2,3,4,3,0,0,169,7,3,2
1206532,0,0,0,1,1,0,2,3,4,3,0,0,169,7,3,1
1207062,0,0,0,1,1,0,2,3,4,3,0,0,169,7,3,1
1207592,0,0,0,1,1,0,2,3,4,3,0,0,169,7,3,1
1208122,0,0,1,1,1,0,2,3,4,3,0,0,169,7,3,1
1208652,0,0,1,1,1,0,2,3,4,3,0,0,170,7,3,2
1209182,0,0,0,1,1,0,2,3,4,3,0,0,169,7,3,1
1209714,0,0,1,1,1,0,2,3,4,3,0,0,169,7,3,2
1210244,0,0,0,1,1,0,2,3,4,3,0,0,169,7,3,1
1210774,0,0,0,1,1,0,2,3,4,3,0,0,169,7,3,1
1211304,0,0,0,1,1,0,2,3,4,3,0,0,169,7,3,1
1211834,0,0,1,1,1,0,2,3,4,3,0,0,169,7,3,2
1212364,0,0,1,1,1,0,2,3,4,3,0,0,169,7,3,1
1212894,0,0,0,1,1,0,2,3,4,3,0,0,169,7,3,1
1213424,0,0,0,1,1,0,2,3,4,3,0,0,169,7,3,1
1213954,0,0,0,1,1,0,2,3,4,3,0,0,169,7,3,1
1214484,0,0,0,1,1,0,2,3,4,3,0,0,169,7,3,1
1215014,0,0,0,1,1,0,2,3,4,3,0,0,169,7,3,1
1215546,0,0,0,1,1,0,3,3,4,3,0,0,169,7,4,1
1216078,0,0,0,1,1,0,2,3,4,3,0,0,169,7,3,1
1216610,0,0,1,1,1,0,3,3,4,3,0,0,170,7,4,2
1217142,0,0,0,0,1,0,3,3,4,3,0,0,172,7,4,1
1217672,0,0,1,1,1,0,4,4,6,5,0,0,240,10,5,2
1218202,0,0,1,1,1,0,3,3,4,3,0,0,197,7,4,2
1218732,0,0,0,1,1,0,2,3,4,3,0,0,174,7,3,1
1219262,0,0,0,1,1,0,3,3,4,3,0,0,176,7,4,1
1219792,0,0,1,1,1,0,3,3,4,4,0,0,183,7,4,2
1220322,0,0,1,1,1,0,3,3,4,4,0,0,186,7,4,2
1220852,0,0,1,1,1,0,3,3,4,4,0,0,187,7,4,2
1221382,0,0,1,1,1,0,3,3,4,4,0,0,187,7,4,2
1221912,0,0,0,1,1,0,3,3,4,4,0,0,186,7,4,1
1222442,0,0,1,1,1,0,3,3,4,4,0,0,184,7,4,2
1222974,0,0,1,1,1,0,3,3,4,4,0,0,186,7,4,2
1223504,0,0,0,0,1,0,3,3,4,4,0,0,192,7,4,1
1224034,0,0,1,1,1,0,3,4,5,5,0,0,218,9,4,2
1224564,0,0,0,0,1,0,2,2,3,2,0,0,139,5,3,0
1225094,0,0,0,0,1,0,2,2,3,2,0,0,133,5,3,0
1225624,0,0,0,0,1,0,2,2,3,2,0,0,134,5,3,0
1226154,0,0,0,0,1,0,2,2,3,2,0,0,136,5,3,0
1226684,0,0,0,0,1,0,2,2,3,2,0,0,140,5,3,0
1227216,0,0,0,1,1,0,2,2,3,2,0,0,138,5,3,1
1227746,0,0,0,0,1,0,2,2,3,2,0,0,132,5,3,0
1228276,0,0,0,0,1,0,2,3,4,3,0,0,154,6,3,0
1228806,0,0,0,1,1,0,2,3,4,4,0,0,171,7,3,1
1229336,0,0,1,1,1,0,2,3,4,4,0,0,176,7,3,2
1229866,0,0,0,0,1,0,2,3,4,3,0,0,168,7,3,1
1230396,0,0,0,1,1,0,2,3,4,3,0,0,185,7,3,1
1230926,0,0,1,1,1,1,3,4,6,6,0,0,258,11,5,2
1231456,0,0,1,1,2,1,5,7,9,8,1,0,371,16,8,2
1231986,0,0,1,1,2,1,5,7,9,8,1,0,369,16,8,2
1232516,0,0,1,1,1,1,4,5,7,6,1,0,281,12,6,2
1233046,0,0,0,1,1,0,3,3,4,3,0,0,193,8,4,1
1233576,0,0,0,1,1,0,2,3,4,3,0,0,175,7,3,1
1234106,0,0,0,1,1,0,2,3,4,3,0,0,172,7,3,1
1234636,0,0,1,1,1,0,2,3,4,3,0,0,161,7,3,2
1235166,0,0,1,1,1,0,2,3,3,2,0,0,152,6,3,2
1235696,0,0,1,1,1,0,3,3,3,2,0,0,161,6,4,2
1236226,0,0,1,1,1,0,3,3,3,2,0,0,164,6,4,2
1236756,0,0,1,1,1,0,3,3,3,2,0,0,162,6,4,2
1237288,0,0,1,1,1,0,3,3,3,2,0,0,165,6,4,2
1237818,0,0,1,1,1,0,3,3,3,2,0,0,163,6,4,2
1238348,0,0,1,1,1,0,3,3,3,2,0,0,163,6,4,2
1238878,0,0,1,1,1,0,3,3,3,2,0,0,163,6,4,2
1239408,0,0,1,1,1,0,3,3,3,2,0,0,164,6,4,2
1239938,0,0,1,1,1,0,3,3,3,2,0,0,164,6,4,2
1240468,0,0,1,1,1,0,3,3,3,2,0,0,164,6,4,2
1240998,0,0,1,1,1,0,3,3,3,2,0,0,164,6,4,2
1241528,0,0,1,1,1,0,3,3,3,2,0,0,164,6,4,2
1242058,0,0,1,1,1,0,3,3,3,2,0,0,165,6,4,2
1242588,0,0,1,1,1,0,3,3,3,2,0,0,164,6,4,2
1243118,0,0,1,1,1,0,3,3,3,2,0,0,163,6,4,2
1243648,0,0,1,1,1,0,3,3,3,2,0,0,163,6,4,2
1244180,0,0,1,1,1,0,3,3,3,2,0,0,163,6,4,2
1244710,0,0,1,1,1,0,3,3,3,2,0,0,164,6,4,2
1245240,0,0,1,1,1,0,3,3,3,2,0,0,163,6,4,2
1245770,0,0,1,1,1,0,3,3,3,2,0,0,163,6,4,2
1246300,0,0,1,1,1,0,3,3,3,2,0,0,163,6,4,2
1246830,0,0,1,1,1,0,3,3,3,2,0,0,163,6,4,2
1247360,0,0,1,1,1,0,3,3,3,2,0,0,163,6,4,2
1247890,0,0,1,1,1,0,3,3,3,2,0,0,163,6,4,2
1248422,0,0,1,1,1,0,3,3,3,2,0,0,166,6,4,2
1248952,0,0,1,1,1,0,3,3,3,2,0,0,163,6,4,2
1249482,0,0,1,1,1,0,3,3,3,2,0,0,163,6,4,2
1250012,0,0,1,1,1,0,3,3,3,2,0,0,165,6,4,2
1250544,0,0,1,1,1,0,3,3,3,2,0,0,166,6,4,2
1251074,0,0,1,1,1,0,3,3,3,2,0,0,163,6,4,2
1251604,0,0,1,1,1,0,3,3,3,2,0,0,162,6,4,2
1252134,0,0,1,1,1,0,3,3,3,2,0,0,164,6,4,2
1252664,0,0,1,1,1,0,3,3,3,2,0,0,164,6,4,2
1253194,0,0,1,1,1,0,3,3,3,2,0,0,164,6,4,2
1253724,0,0,1,1,1,0,3,3,3,2,0,0,163,6,4,2
1254254,0,0,1,1,1,0,3,3,3,2,0,0,163,6,4,2
1254784,0,0,1,1,1,0,3,3,3,2,0,0,164,6,4,2
1255314,0,0,1,1,1,0,3,3,3,2,0,0,164,6,4,2
1255844,0,0,1,1,1,0,3,3,3,2,0,0,164,6,4,2
1256374,0,0,1,1,1,0,3,3,3,2,0,0,163,6,4,2
1256904,0,0,1,1,1,0,3,3,3,2,0,0,164,6,4,2
1257434,0,0,1,1,1,0,3,3,3,2,0,0,165,6,4,2
1257964,0,0,1,1,1,0,3,3,3,2,0,0,163,6,4,2
1258494,0,0,1,1,1,0,3,3,3,2,0,0,163,6,4,2
1259024,0,0,1,1,1,0,3,3,3,2,0,0,163,6,4,2
1259554,0,0,1,1,1,0,3,3,3,2,0,0,164,6,4,2
1260084,0,0,1,1,1,0,3,3,3,2,0,0,163,6,4,2
1260614,0,0,1,1,1,0,3,3,3,2,0,0,164,6,4,2
1261146,0,0,1,1,1,0,3,3,3,2,0,0,164,6,4,2
1261676,0,0,1,1,1,0,3,3,3,2,0,0,163,6,4,2
1262206,0,0,1,1,1,0,3,3,3,2,0,0,164,6,4,2
1262738,0,0,1,1,1,0,3,3,3,2,0,0,164,6,4,2
1263268,0,0,1,1,1,0,3,3,3,2,0,0,164,6,4,2
1263798,0,0,1,1,1,0,3,3,3,2,0,0,163,6,4,2
1264328,0,0,1,1,1,0,3,3,3,2,0,0,164,6,4,2
1264858,0,0,1,1,1,0,3,3,3,2,0,0,165,6,4,2
1265388,0,0,1,1,1,0,3,3,3,2,0,0,163,6,4,2
1265918,0,0,1,1,1,0,3,3,3,2,0,0,163,6,4,2
1266450,0,0,1,1,1,0,3,3,3,2,0,0,163,6,4,2
1266980,0,0,1,1,1,0,3,3,3,2,0,0,164,6,4,2
1267510,0,0,1,1,1,0,3,3,3,2,0,0,164,6,4,2
1268042,0,0,1,1,1,0,3,3,3,2,0,0,163,6,4,2
1268572,0,0,1,1,1,0,3,3,3,2,0,0,164,6,4,2
1269102,0,0,1,1,1,0,3,3,3,2,0,0,164,6,4,2
1269634,0,0,1,1,1,0,3,3,3,2,0,0,163,6,4,2
1270166,0,0,1,1,1,0,3,3,3,2,0,0,164,6,4,2
1270698,0,0,1,1,1,0,3,3,3,2,0,0,165,6,4,2
1271228,0,0,1,1,1,0,3,3,3,2,0,0,164,6,4,2
1271758,0,0,1,1,1,0,3,3,3,2,0,0,164,6,4,2
1272288,0,0,1,1,1,0,3,3,3,2,0,0,164,6,4,2
1272818,0,0,1,1,1,0,3,3,3,2,0,0,164,6,4,2
1273348,0,0,1,1,1,0,3,3,3,2,0,0,163,6,4,2
1273878,0,0,1,1,1,0,3,3,3,2,0,0,165,6,4,2
1274408,0,0,1,1,1,0,3,3,3,2,0,0,164,6,4,2
1274940,0,0,1,1,1,0,3,3,3,2,0,0,164,6,4,2
1275470,0,0,1,1,1,0,3,3,3,2,0,0,164,6,4,2
1276000,0,0,1,1,1,0,3,3,3,2,0,0,164,6,4,2
1276530,0,0,1,1,1,0,3,3,3,2,0,0,163,6,4,2
1277060,0,0,1,1,1,0,3,3,3,2,0,0,163,6,4,2
1277590,0,0,1,1,1,0,3,3,3,2,0,0,164,6,4,2
1278122,0,0,1,1,1,0,3,3,3,2,0,0,165,6,4,2
1278652,0,0,1,1,1,0,3,3,3,2,0,0,164,6,4,2
1279184,0,0,1,1,1,0,3,3,3,2,0,0,163,6,4,2
1279716,0,0,1,1,1,0,3,3,3,2,0,0,164,6,4,2
1280246,0,0,1,1,1,0,3,3,3,2,0,0,165,6,4,2
1280776,0,0,1,1,1,0,3,3,3,2,0,0,164,6,4,2
1281306,0,0,1,1,1,0,3,3,3,2,0,0,164,6,4,2
1281836,0,0,1,1,1,0,3,3,3,2,0,0,163,6,4,2
1282368,0,0,1,1,1,0,3,3,3,2,0,0,164,6,4,2
1282900,0,0,1,1,1,0,3,3,3,2,0,0,164,6,4,2
1283430,0,0,1,1,1,0,3,3,3,2,0,0,163,6,4,2
1283962,0,0,1,1,1,0,3,3,3,2,0,0,164,6,4,2
1284494,0,0,1,1,1,0,3,3,3,2,0,0,164,6,4,2
1285026,0,0,1,1,1,0,3,3,3,2,0,0,165,6,4,2
1285556,0,0,1,1,1,0,3,3,3,2,0,0,164,6,4,2
1286088,0,0,1,1,1,0,3,3,3,2,0,0,164,6,4,2
1286618,0,0,1,1,1,0,3,3,3,2,0,0,164,6,4,2
1287148,0,0,1,1,1,0,3,3,3,2,0,0,164,6,4,2
1287680,0,0,1,1,1,0,3,3,3,2,0,0,163,6,4,2
1288210,0,0,1,1,1,0,3,3,3,2,0,0,164,6,4,2
1288740,0,0,1,1,1,0,3,3,3,2,0,0,164,6,4,2
1289272,0,0,1,1,1,0,3,3,3,2,0,0,164,6,4,2
1289802,0,0,1,1,1,0,3,3,3,2,0,0,164,6,4,2
1290332,0,0,1,1,1,0,3,3,3,2,0,0,164,6,4,2
1290862,0,0,1,1,1,0,3,3,3,2,0,0,164,6,4,2
1291392,0,0,1,1,1,0,3,3,3,2,0,0,164,6,4,2
1291922,0,0,1,1,1,0,3,3,3,2,0,0,165,6,4,2
1292452,0,0,1,1,1,0,3,3,3,2,0,0,164,6,4,2
1292982,0,0,1,1,1,0,3,3,3,2,0,0,165,6,4,2
1293512,0,0,1,1,1,0,3,3,3,2,0,0,165,6,4,2
1294042,0,0,1,1,1,0,3,3,3,2,0,0,164,6,4,2
1294572,0,0,1,1,1,0,3,3,3,2,0,0,163,6,4,2
1295102,0,0,1,1,1,0,3,3,3,2,0,0,164,6,4,2
1295632,0,0,1,1,1,0,3,3,3,2,0,0,164,6,4,2
1296162,0,0,1,1,1,0,3,3,3,2,0,0,165,6,4,2
1296692,0,0,1,1,1,0,3,3,3,2,0,0,164,6,4,2
1297222,0,0,1,1,1,0,3,3,3,2,0,0,164,6,4,2
1297752,0,0,1,1,1,0,3,3,3,2,0,0,164,6,4,2
1298282,0,0,1,1,1,0,3,3,3,2,0,0,164,6,4,2
1298812,0,0,1,1,1,0,3,3,3,2,0,0,165,6,4,2
1299342,0,0,1,1,1,0,3,3,3,2,0,0,164,6,4,2
1299872,0,0,1,1,1,0,3,3,3,2,0,0,163,6,4,2
1300402,0,0,1,1,1,0,3,3,3,2,0,0,164,6,4,2
1300932,0,0,1,1,1,0,3,3,3,2,0,0,164,6,4,2
1301462,0,0,1,1,1,0,3,3,3,2,0,0,164,6,4,2
1301992,0,0,1,1,1,0,3,3,3,2,0,0,163,6,4,2
1302522,0,0,1,1,1,0,3,3,3,2,0,0,163,6,4,2
1303052,0,0,1,1,1,0,3,3,3,2,0,0,164,6,4,2
1303582,0,0,1,1,1,0,3,3,3,2,0,0,164,6,4,2
1304112,0,0,1,1,1,0,3,3,3,2,0,0,164,6,4,2
1304644,0,0,1,1,1,0,3,3,3,2,0,0,164,6,4,2
1305174,0,0,1,1,1,0,3,3,3,2,0,0,164,6,4,2
1305704,0,0,1,1,1,0,3,3,3,2,0,0,164,6,4,2
1306234,0,0,1,1,1,0,3,3,3,2,0,0,164,6,4,2
1306764,0,0,1,1,1,0,3,3,3,2,0,0,165,6,4,2
1307294,0,0,1,1,1,0,3,3,3,2,0,0,165,6,4,2
1307824,0,0,1,1,1,0,3,3,3,2,0,0,164,6,4,2
1308354,0,0,1,1,1,0,3,3,3,2,0,0,164,6,4,2
1308884,0,0,1,1,1,0,3,3,3,2,0,0,164,6,4,2
1309414,0,0,1,1,1,0,3,3,3,2,0,0,164,6,4,2
1309944,0,0,1,1,1,0,3,3,3,2,0,0,164,6,4,2
1310474,0,0,1,1,1,0,3,3,3,2,0,0,164,6,4,2
1311004,0,0,1,1,1,0,3,3,3,2,0,0,164,6,4,2
1311534,0,0,1,1,1,0,3,3,3,2,0,0,164,6,4,2
1312064,0,0,1,1,1,0,3,3,3,2,0,0,164,6,4,2
1312596,0,0,1,1,1,0,3,3,3,2,0,0,163,6,4,2
1313126,0,0,1,1,1,0,3,3,3,2,0,0,164,6,4,2
1313656,0,0,1,1,1,0,3,3,3,2,0,0,164,6,4,2
1314186,0,0,1,1,1,0,3,3,3,2,0,0,164,6,4,2
1314716,0,0,1,1,1,0,3,3,3,2,0,0,164,6,4,2
1315248,0,0,1,1,1,0,3,3,3,2,0,0,163,6,4,2
1315778,0,0,1,1,1,0,3,3,3,2,0,0,164,6,4,2
1316308,0,0,1,1,1,0,3,3,3,2,0,0,164,6,4,2
1316838,0,0,1,1,1,0,3,3,3,2,0,0,164,6,4,2
1317368,0,0,1,1,1,0,3,3,3,2,0,0,164,6,4,2
1317898,0,0,1,1,1,0,3,3,3,2,0,0,164,6,4,2
1318428,0,0,1,1,1,0,3,3,3,2,0,0,164,6,4,2
1318958,0,0,1,1,1,0,3,3,3,2,0,0,164,6,4,2
1319488,0,0,1,1,1,0,3,3,3,2,0,0,164,6,4,2
1320018,0,0,1,1,1,0,3,3,3,2,0,0,164,6,4,2
1320548,0,0,1,1,1,0,3,3,3,2,0,0,164,6,4,2
1321078,0,0,1,1,1,0,3,3,3,2,0,0,165,6,4,2
1321608,0,0,1,1,1,0,3,3,3,2,0,0,164,6,4,2
1322138,0,0,1,1,1,0,3,3,3,2,0,0,164,6,4,2
1322668,0,0,1,1,1,0,3,3,3,2,0,0,163,6,4,2
1323198,0,0,1,1,1,0,3,3,3,2,0,0,164,6,4,2
1323728,0,0,1,1,1,0,3,3,3,2,0,0,164,6,4,2
1324258,0,0,1,1,1,0,3,3,3,2,0,0,164,6,4,2
1324788,0,0,1,1,1,0,3,3,3,2,0,0,164,6,4,2
1325318,0,0,1,1,1,0,3,3,3,2,0,0,164,6,4,2
1325850,0,0,1,1,1,0,3,3,3,2,0,0,164,6,4,2
1326382,0,0,1,1,1,0,3,3,3,2,0,0,164,6,4,2
1326912,0,0,1,1,1,0,3,3,3,2,0,0,164,6,4,2
1327444,0,0,1,1,1,0,3,3,3,2,0,0,164,6,4,2
1327974,0,0,1,1,1,0,3,3,3,2,0,0,164,6,4,2
1328504,0,0,1,1,1,0,3,3,3,2,0,0,164,6,4,2
1329036,0,0,1,1,1,0,3,3,3,2,0,0,164,6,4,2
1329566,0,0,1,1,1,0,3,3,3,2,0,0,164,6,4,2
1330096,0,0,1,1,1,0,3,3,3,2,0,0,164,6,4,2
1330626,0,0,1,1,1,0,3,3,3,2,0,0,164,6,4,2
1331156,0,0,1,1,1,0,3,3,3,2,0,0,163,6,4,2
1331686,0,0,1,1,1,0,3,3,3,2,0,0,163,6,4,2
1332216,0,0,1,1,1,0,3,3,3,2,0,0,164,6,4,2
1332748,0,0,1,1,1,0,3,3,3,2,0,0,159,6,4,2
1333278,0,0,0,1,1,0,2,3,3,2,0,0,147,6,3,1
1333808,0,0,0,0,1,0,2,2,3,2,0,0,139,5,3,0
1334338,0,0,0,0,1,0,2,2,3,2,0,0,138,5,3,0
1334870,0,0,0,1,1,0,2,2,3,2,0,0,145,5,3,1
1335400,0,0,1,1,1,0,2,3,3,2,0,0,152,6,3,2
1335930,0,0,1,1,1,0,2,3,3,2,0,0,149,6,3,1
1336460,0,0,1,1,1,0,2,3,3,2,0,0,149,6,3,2
1336990,0,0,1,1,1,0,2,3,3,2,0,0,150,6,3,2
1337520,0,0,1,1,1,0,2,3,3,2,0,0,150,6,3,2
1338050,0,0,1,1,1,0,2,3,3,2,0,0,150,6,3,2
1338580,0,0,1,1,1,0,2,3,3,2,0,0,150,6,3,2
1339110,0,0,1,1,1,0,2,3,3,2,0,0,151,6,3,2
1339640,0,0,1,1,1,0,2,3,3,2,0,0,151,6,3,2
1340172,0,0,1,1,1,0,2,3,3,2,0,0,151,6,3,2
1340702,0,0,1,1,1,0,2,3,3,2,0,0,151,6,3,2
1341232,0,0,1,1,1,0,2,3,3,2,0,0,150,6,3,2
1341762,0,0,1,1,1,0,2,3,3,2,0,0,150,6,3,2
1342292,0,0,1,1,1,0,2,3,3,2,0,0,151,6,3,2
1342822,0,0,1,1,1,0,2,3,3,2,0,0,151,6,3,2
1343352,0,0,1,1,1,0,2,3,3,2,0,0,150,6,3,2
1343882,0,0,1,1,1,0,2,3,3,2,0,0,151,6,3,2
1344412,0,0,1,1,1,0,2,3,3,2,0,0,151,6,3,2
1344942,0,0,1,1,1,0,2,3,3,2,0,0,151,6,3,2
1345474,0,0,1,1,1,0,2,3,3,2,0,0,150,6,3,2
1346006,0,0,1,1,1,0,2,3,3,2,0,0,150,6,3,2
1346538,0,0,1,1,1,0,2,3,3,2,0,0,150,6,3,2
1347068,0,0,1,1,1,0,2,3,3,2,0,0,150,6,3,2
1347598,0,0,1,1,1,0,2,3,3,2,0,0,150,6,3,2
1348128,0,0,1,1,1,0,2,3,3,2,0,0,150,6,3,2
1348658,0,0,1,1,1,0,2,3,3,2,0,0,149,6,3,2
1349188,0,0,1,1,1,0,2,3,3,2,0,0,148,6,3,2
1349720,0,0,1,1,1,0,2,3,3,2,0,0,146,6,3,2
1350250,0,0,1,1,1,0,2,3,3,2,0,0,145,6,3,2
1350780,0,0,0,1,1,0,2,3,3,2,0,0,145,6,3,1
1351312,0,0,1,1,1,0,2,3,3,2,0,0,145,6,3,1
1351842,0,0,1,1,1,0,2,3,3,2,0,0,145,6,3,2
1352372,0,0,1,1,1,0,2,3,3,2,0,0,146,6,3,2
1352902,0,0,1,1,1,0,2,3,3,2,0,0,151,6,3,2
1353432,0,0,1,1,1,0,2,3,3,2,0,0,153,6,3,2
1353962,0,0,1,1,1,0,2,3,3,2,0,0,154,6,3,2
1354494,0,0,1,1,1,0,2,3,3,2,0,0,154,6,3,2
1355024,0,0,1,1,1,0,2,3,3,2,0,0,154,6,3,2
1355556,0,0,1,1,1,0,2,3,3,2,0,0,151,6,3,2
1356086,0,0,1,1,1,0,2,3,3,2,0,0,151,6,3,2
1356616,0,0,1,1,1,0,2,3,3,2,0,0,153,6,3,2
1357148,0,0,1,1,1,0,2,3,3,2,0,0,154,6,3,2
1357678,0,0,1,1,1,0,2,3,3,2,0,0,154,6,3,2
1358210,0,0,1,1,1,0,2,3,3,2,0,0,154,6,3,2
1358742,0,0,1,1,1,0,2,3,3,2,0,0,153,6,3,2
1359272,0,0,1,1,1,0,2,3,3,2,0,0,152,6,3,2
1359804,0,0,1,1,1,0,2,3,3,2,0,0,152,6,3,2
1360334,0,0,1,1,1,0,2,3,3,2,0,0,153,6,3,2
1360866,0,0,1,1,1,0,2,3,3,2,0,0,151,6,3,2
1361396,0,0,1,1,1,0,2,3,3,2,0,0,147,6,3,2
1361926,0,0,1,1,1,0,2,3,3,2,0,0,145,6,3,2
1362456,0,0,0,1,1,0,2,2,3,2,0,0,145,5,3,1
1362986,0,0,1,1,1,0,2,3,3,2,0,0,145,6,3,2
1363516,0,0,1,1,1,0,2,3,3,2,0,0,145,6,3,2
1364046,0,0,1,1,1,0,2,3,3,2,0,0,145,6,3,2
1364578,0,0,1,1,1,0,2,3,3,2,0,0,145,6,3,2
1365108,0,0,1,1,1,0,2,3,3,2,0,0,147,6,3,2
1365640,0,0,1,1,1,0,2,3,3,2,0,0,147,6,3,2
1366170,0,0,0,1,1,0,2,3,3,2,0,0,147,6,3,1
1366700,0,0,1,1,1,0,2,3,3,2,0,0,147,6,3,1
1367230,0,0,1,1,1,0,2,3,3,2,0,0,147,6,3,2
1367760,0,0,1,1,1,0,2,3,3,2,0,0,147,6,3,1
1368290,0,0,0,1,1,0,2,2,3,2,0,0,147,5,3,1
1368820,0,0,1,1,1,0,2,3,3,2,0,0,147,6,3,2
1369350,0,0,1,1,1,0,2,3,3,2,0,0,147,6,3,2
1369880,0,0,1,1,1,0,2,3,3,2,0,0,147,6,3,2
1370410,0,0,1,1,1,0,2,3,3,2,0,0,147,6,3,2
1370940,0,0,1,1,1,0,2,3,3,2,0,0,146,6,3,1
1371470,0,0,0,1,1,0,2,3,3,2,0,0,147,6,3,1
1372000,0,0,1,1,1,0,2,3,3,2,0,0,147,6,3,2
1372530,0,0,1,1,1,0,2,3,3,2,0,0,147,6,3,2
1373060,0,0,1,1,1,0,2,3,3,2,0,0,147,6,3,1
1373590,0,0,1,0,1,0,2,3,3,2,0,0,147,6,3,1
1374120,0,0,1,1,1,0,2,3,3,2,0,0,147,6,3,2
1374650,0,0,1,1,1,0,2,3,3,2,0,0,147,6,3,2
1375180,0,0,1,1,1,0,2,3,3,2,0,0,147,6,3,2
1375712,0,0,1,1,1,0,2,3,3,2,0,0,147,6,3,2
1376242,0,0,1,1,1,0,2,3,3,2,0,0,147,6,3,2
1376772,0,0,1,1,1,0,2,3,3,2,0,0,147,6,3,2
1377302,0,0,1,1,1,0,2,3,3,2,0,0,147,6,3,2
1377834,0,0,1,1,1,0,2,3,3,2,0,0,147,6,3,2
1378366,0,0,1,1,1,0,2,3,3,2,0,0,147,6,3,2
1378896,0,0,1,1,1,0,2,3,3,2,0,0,146,6,3,2
1379426,0,0,1,1,1,0,2,3,3,2,0,0,147,6,3,2
1379956,0,0,1,1,1,0,2,3,3,2,0,0,147,6,3,2
1380486,0,0,1,1,1,0,2,3,3,2,0,0,147,6,3,2
1381018,0,0,0,1,1,0,2,3,3,2,0,0,147,6,3,1
1381548,0,0,1,1,1,0,2,3,3,2,0,0,147,6,3,2
1382078,0,0,1,1,1,0,2,3,3,2,0,0,148,6,3,2
1382608,0,0,1,1,1,0,2,3,3,2,0,0,151,6,3,2
1383138,0,0,1,1,1,0,2,3,3,2,0,0,154,6,3,2
1383670,0,0,1,1,1,0,2,3,3,2,0,0,155,6,3,2
1384200,0,0,0,0,1,0,2,2,3,2,0,0,140,5,3,0
1384732,0,0,0,0,1,0,2,2,3,2,0,0,133,5,3,0
1385262,0,0,0,0,1,0,2,2,3,2,0,0,134,5,3,0
1385794,0,0,0,0,1,0,2,2,3,2,0,0,141,5,3,0
1386324,0,0,1,1,1,0,2,3,3,2,0,0,154,6,3,2
1386854,0,0,1,1,1,0,2,3,3,2,0,0,157,6,3,2
1387384,0,0,1,1,1,0,2,3,3,2,0,0,155,6,3,2
1387914,0,0,0,0,1,0,2,2,3,2,0,0,146,5,3,0
1388444,0,0,0,1,1,0,2,2,3,2,0,0,141,5,3,1
1388974,0,0,0,0,1,0,2,2,3,2,0,0,139,5,3,0
1389504,0,0,0,0,1,0,2,2,3,2,0,0,139,5,3,0
1390036,0,0,0,0,1,0,2,2,3,2,0,0,138,5,3,0
1390566,0,0,0,0,1,0,2,2,3,2,0,0,142,5,3,0
1391096,0,0,0,0,1,0,2,2,3,2,0,0,144,5,3,0
1391628,0,0,0,1,1,0,2,2,3,2,0,0,148,5,3,1
1392158,0,0,1,1,1,0,3,3,3,2,0,0,163,6,4,2
1392688,0,0,1,1,1,0,3,3,3,2,0,0,168,6,4,2
1393218,0,0,1,1,1,0,3,3,3,2,0,0,163,6,4,2
1393748,0,0,1,1,1,0,3,3,3,2,0,0,163,6,4,2
1394278,0,0,1,1,1,0,3,3,3,2,0,0,166,6,4,2
1394808,0,0,1,1,1,0,3,3,3,2,0,0,164,6,4,2
1395338,0,0,1,1,1,0,3,3,3,2,0,0,164,6,4,2
1395868,0,0,1,1,1,0,3,3,3,2,0,0,164,6,4,2
1396398,0,0,1,1,1,0,3,3,3,2,0,0,164,6,4,2
1396928,0,0,1,1,1,0,3,3,3,2,0,0,165,6,4,2
1397458,0,0,1,1,1,0,3,3,3,2,0,0,164,6,4,2
1397988,0,0,1,1,1,0,3,3,3,2,0,0,165,6,4,2
1398518,0,0,1,1,1,0,3,3,3,2,0,0,165,6,4,2
1399048,0,0,1,1,1,0,3,3,3,2,0,0,164,6,4,2
1399578,0,0,1,1,1,0,3,3,3,2,0,0,164,6,4,2
1400108,0,0,1,1,1,0,3,3,3,2,0,0,165,6,4,2
1400638,0,0,1,1,1,0,3,3,3,2,0,0,164,6,4,2
1401168,0,0,1,1,1,0,3,3,3,2,0,0,164,6,4,2
1401698,0,0,1,1,1,0,3,3,3,2,0,0,164,6,4,2
1402228,0,0,1,1,1,0,3,3,3,2,0,0,164,6,4,2
1402760,0,0,1,1,1,0,3,3,3,2,0,0,164,6,4,2
1403292,0,0,1,1,1,0,3,3,3,2,0,0,164,6,4,2
1403822,0,0,1,1,1,0,3,3,3,2,0,0,164,6,4,2
1404352,0,0,1,1,1,0,3,3,3,2,0,0,164,6,4,2
1404882,0,0,1,1,1,0,3,3,3,2,0,0,164,6,4,2
1405412,0,0,1,1,1,0,3,3,3,2,0,0,164,6,4,2
1405942,0,0,1,1,1,0,3,3,3,2,0,0,164,6,4,2
1406472,0,0,1,1,1,0,3,3,3,2,0,0,164,6,4,2
1407004,0,0,1,1,1,0,3,3,3,2,0,0,164,6,4,2
1407536,0,0,1,1,1,0,3,3,3,2,0,0,164,6,4,2
1408068,0,0,1,1,1,0,3,3,3,2,0,0,164,6,4,2
1408598,0,0,1,1,1,0,3,3,3,2,0,0,164,6,4,2
1409128,0,0,1,1,1,0,3,3,3,2,0,0,164,6,4,2
1409658,0,0,1,1,1,0,3,3,3,2,0,0,165,6,4,2
1410190,0,0,1,1,1,0,3,3,3,2,0,0,165,6,4,2
1410722,0,0,1,1,1,0,3,3,3,2,0,0,165,6,4,2
1411252,0,0,1,1,1,0,3,3,3,2,0,0,165,6,4,2
1411782,0,0,1,1,1,0,3,3,3,2,0,0,165,6,4,2
1412312,0,0,1,1,1,0,3,3,3,2,0,0,165,6,4,2
1412842,0,0,1,1,1,0,3,3,3,2,0,0,165,6,4,2
1413372,0,0,1,1,1,0,3,3,3,2,0,0,164,6,4,2
1413902,0,0,1,1,1,0,3,3,3,2,0,0,165,6,4,2
1414432,0,0,1,1,1,0,3,3,3,2,0,0,164,6,4,2
1414964,0,0,1,1,1,0,3,3,3,2,0,0,165,6,4,2
1415494,0,0,1,1,1,0,3,3,3,2,0,0,164,6,4,2
1416026,0,0,1,1,1,0,3,3,3,2,0,0,164,6,4,2
1416556,0,0,1,1,1,0,3,3,3,2,0,0,164,6,4,2
1417086,0,0,1,1,1,0,3,3,3,2,0,0,165,6,4,2
1417616,0,0,1,1,1,0,3,3,3,2,0,0,164,6,4,2
1418148,0,0,1,1,1,0,3,3,3,2,0,0,164,6,4,2
1418678,0,0,1,1,1,0,3,3,3,2,0,0,164,6,4,2
1419208,0,0,1,1,1,0,3,3,3,2,0,0,164,6,4,2
1419738,0,0,1,1,1,0,3,3,3,2,0,0,164,6,4,2
1420268,0,0,1,1,1,0,3,3,3,2,0,0,165,6,4,2
1420800,0,0,1,1,1,0,3,3,3,2,0,0,164,6,4,2
1421330,0,0,1,1,1,0,3,3,3,2,0,0,164,6,4,2
1421860,0,0,1,1,1,0,3,3,3,2,0,0,165,6,4,2
1422390,0,0,1,1,1,0,3,3,3,2,0,0,164,6,4,2
1422920,0,0,1,1,1,0,3,3,3,2,0,0,164,6,4,2
1423450,0,0,1,1,1,0,3,3,3,2,0,0,164,6,4,2
1423980,0,0,1,1,1,0,3,3,3,2,0,0,165,6,4,2
1424510,0,0,1,1,1,0,3,3,3,2,0,0,164,6,4,2
1425040,0,0,1,1,1,0,3,3,3,2,0,0,164,6,4,2
1425570,0,0,1,1,1,0,3,3,3,2,0,0,164,6,4,2
1426100,0,0,1,1,1,0,3,3,3,2,0,0,165,6,4,2
1426632,0,0,1,1,1,0,3,3,3,2,0,0,164,6,4,2
1427162,0,0,1,1,1,0,3,3,3,2,0,0,164,6,4,2
1427692,0,0,1,1,1,0,3,3,3,2,0,0,164,6,4,2
1428222,0,0,1,1,1,0,3,3,3,2,0,0,164,6,4,2
1428752,0,0,1,1,1,0,3,3,3,2,0,0,164,6,4,2
1429282,0,0,1,1,1,0,3,3,3,2,0,0,164,6,4,2
1429812,0,0,1,1,1,0,3,3,3,2,0,0,164,6,4,2
1430342,0,0,1,1,1,0,3,3,3,2,0,0,164,6,4,2
1430872,0,0,1,1,1,0,3,3,3,2,0,0,165,6,4,2
1431402,0,0,1,1,1,0,3,3,3,2,0,0,164,6,4,2
1431932,0,0,1,1,1,0,3,3,3,2,0,0,165,6,4,2
1432462,0,0,1,1,1,0,3,3,3,2,0,0,164,6,4,2
1432992,0,0,1,1,1,0,3,3,3,2,0,0,165,6,4,2
1433522,0,0,1,1,1,0,3,3,3,2,0,0,165,6,4,2
1434054,0,0,1,1,1,0,3,3,3,2,0,0,164,6,4,2
1434584,0,0,1,1,1,0,3,3,3,2,0,0,165,6,4,2
1435114,0,0,1,1,1,0,3,3,3,2,0,0,165,6,4,2
1435644,0,0,1,1,1,0,3,3,3,2,0,0,164,6,4,2
1436174,0,0,1,1,1,0,3,3,3,2,0,0,164,6,4,2
1436704,0,0,1,1,1,0,3,3,3,2,0,0,164,6,4,2
1437234,0,0,1,1,1,0,3,3,3,2,0,0,165,6,4,2
1437764,0,0,1,1,1,0,3,3,3,2,0,0,164,6,4,2
1438294,0,0,1,1,1,0,3,3,3,2,0,0,164,6,4,2
1438824,0,0,1,1,1,0,3,3,3,2,0,0,164,6,4,2
1439354,0,0,1,1,1,0,3,3,3,2,0,0,164,6,4,2
1439884,0,0,1,1,1,0,3,3,3,2,0,0,164,6,4,2
1440414,0,0,1,1,1,0,3,3,3,2,0,0,164,6,4,2
1440944,0,0,1,1,1,0,3,3,3,2,0,0,164,6,4,2
1441474,0,0,1,1,1,0,3,3,3,2,0,0,164,6,4,2
1442004,0,0,1,1,1,0,3,3,3,2,0,0,164,6,4,2
1442534,0,0,1,1,1,0,3,3,3,2,0,0,164,6,4,2
1443064,0,0,1,1,1,0,3,3,3,2,0,0,164,6,4,2
1443594,0,0,1,1,1,0,3,3,3,2,0,0,164,6,4,2
1444124,0,0,1,1,1,0,3,3,3,2,0,0,164,6,4,2
1444654,0,0,1,1,1,0,3,3,3,2,0,0,164,6,4,2
1445184,0,0,1,1,1,0,3,3,3,2,0,0,164,6,4,2
1445714,0,0,1,1,1,0,3,3,3,2,0,0,164,6,4,2
1446244,0,0,1,1,1,0,3,3,3,2,0,0,165,6,4,2
1446774,0,0,1,1,1,0,3,3,3,2,0,0,164,6,4,2
1447304,0,0,1,1,1,0,3,3,3,2,0,0,164,6,4,2
1447834,0,0,1,1,1,0,3,3,3,2,0,0,165,6,4,2
1448364,0,0,1,1,1,0,3,3,3,2,0,0,164,6,4,2
1448894,0,0,1,1,1,0,3,3,3,2,0,0,164,6,4,2
1449424,0,0,1,1,1,0,3,3,3,2,0,0,164,6,4,2
1449956,0,0,1,1,1,0,3,3,3,2,0,0,164,6,4,2
1450488,0,0,1,1,1,0,3,3,3,2,0,0,164,6,4,2
1451018,0,0,1,1,1,0,3,3,3,2,0,0,164,6,4,2
1451548,0,0,1,1,1,0,3,3,3,2,0,0,164,6,4,2
1452078,0,0,1,1,1,0,3,3,3,2,0,0,165,6,4,2
1452608,0,0,1,1,1,0,3,3,3,2,0,0,164,6,4,2
1453138,0,0,1,1,1,0,3,3,3,2,0,0,164,6,4,2
1453668,0,0,1,1,1,0,3,3,3,2,0,0,164,6,4,2
1454198,0,0,1,1,1,0,3,3,3,2,0,0,164,6,4,2
1454728,0,0,1,1,1,0,3,3,3,2,0,0,165,6,4,2
1455258,0,0,1,1,1,0,3,3,3,2,0,0,164,6,4,2
1455788,0,0,1,1,1,0,3,3,3,2,0,0,164,6,4,2
1456318,0,0,1,1,1,0,3,3,3,2,0,0,165,6,4,2
1456848,0,0,1,1,1,0,3,3,3,2,0,0,164,6,4,2
1457378,0,0,1,1,1,0,3,3,3,2,0,0,164,6,4,2
1457908,0,0,1,1,1,0,3,3,3,2,0,0,165,6,4,2
1458438,0,0,1,1,1,0,3,3,3,2,0,0,164,6,4,2
1458968,0,0,1,1,1,0,3,3,3,2,0,0,164,6,4,2
1459498,0,0,1,1,1,0,3,3,3,2,0,0,165,6,4,2
1460028,0,0,1,1,1,0,3,3,3,2,0,0,165,6,4,2
1460560,0,0,1,1,1,0,3,3,3,2,0,0,164,6,4,2
1461090,0,0,1,1,1,0,3,3,3,2,0,0,164,6,4,2
1461620,0,0,1,1,1,0,3,3,3,2,0,0,164,6,4,2
1462150,0,0,1,1,1,0,3,3,3,2,0,0,164,6,4,2
1462680,0,0,1,1,1,0,3,3,3,2,0,0,164,6,4,2
1463210,0,0,1,1,1,0,3,3,3,2,0,0,165,6,4,2
1463740,0,0,1,1,1,0,3,3,3,2,0,0,165,6,4,2
1464270,0,0,1,1,1,0,3,3,3,2,0,0,164,6,4,2
1464800,0,0,1,1,1,0,3,3,3,2,0,0,164,6,4,2
1465332,0,0,1,1,1,0,3,3,3,2,0,0,164,6,4,2
1465862,0,0,1,1,1,0,3,3,3,2,0,0,164,6,4,2
1466392,0,0,1,1,1,0,3,3,3,2,0,0,164,6,4,2
1466922,0,0,1,1,1,0,3,3,3,2,0,0,164,6,4,2
1467452,0,0,1,1,1,0,3,3,3,2,0,0,165,6,4,2
1467982,0,0,1,1,1,0,3,3,3,2,0,0,164,6,4,2
1468510,0,0,1,1,1,0,3,3,3,2,0,0,165,6,4,2
1469040,0,0,1,1,1,0,3,3,3,2,0,0,164,6,4,2
1469570,0,0,1,1,1,0,3,3,3,2,0,0,164,6,4,2
1470100,0,0,1,1,1,0,3,3,3,2,0,0,163,6,4,2
1470630,0,0,1,1,1,0,3,3,3,2,0,0,163,6,4,2
1471162,0,0,1,1,1,0,3,3,3,2,0,0,165,6,4,2
1471692,0,0,1,1,1,0,3,3,3,2,0,0,158,6,4,2
1472222,0,0,1,1,1,0,2,3,3,2,0,0,150,6,3,2
1472754,0,0,1,1,1,0,2,3,3,3,0,0,153,6,3,1
1473284,0,0,0,1,1,0,2,3,4,3,0,0,160,7,3,1
1473814,0,0,0,1,1,0,2,3,3,3,0,0,157,6,3,1
1474344,0,0,0,1,1,0,2,3,3,3,0,0,156,6,3,1
1474874,0,0,0,0,1,0,2,3,3,3,0,0,155,6,3,0
1475404,0,0,0,1,1,0,2,3,4,3,0,0,158,7,3,1
1475934,0,0,0,1,1,0,2,3,3,3,0,0,156,6,3,1
1476464,0,0,0,0,1,0,2,3,3,3,0,0,156,6,3,0
1476996,0,0,0,0,1,0,2,3,3,3,0,0,157,6,3,0
1477526,0,0,0,1,1,0,2,3,3,3,0,0,156,6,3,1
1478056,0,0,0,0,1,0,2,3,3,2,0,0,151,6,3,1
1478586,0,0,1,1,1,0,2,3,3,2,0,0,151,6,3,1
1479116,0,0,0,0,1,0,2,2,3,2,0,0,128,5,3,0
1479646,0,0,0,0,1,0,2,2,3,2,0,0,134,5,3,1
1480178,0,0,0,0,1,0,2,2,3,2,0,0,133,5,3,1
1480708,0,0,0,0,1,0,2,2,3,2,0,0,132,5,3,0
1481238,0,0,0,0,1,0,2,2,3,2,0,0,141,5,3,0
1481768,0,0,0,0,1,0,2,2,3,2,0,0,146,5,3,0
1482298,0,0,1,1,2,1,4,5,9,9,1,0,322,14,7,2
1482828,0,1,4,5,8,4,19,26,41,37,4,1,1345,67,31,10
1483358,0,0,3,2,4,1,13,18,19,13,1,1,714,37,18,5
1483888,0,2,4,5,9,5,23,31,47,35,3,1,1671,78,36,11
1484418,0,1,5,5,9,4,27,35,50,37,3,2,1702,85,40,11
1484948,1,2,5,6,10,5,32,41,57,45,4,2,1826,98,48,14
1485478,1,3,8,9,15,8,44,55,84,70,7,3,2848,139,67,20
1486008,1,2,8,8,15,6,43,57,75,54,6,3,2438,132,64,19
1486540,0,0,0,0,1,0,3,3,4,2,0,0,159,7,4,1
1487070,0,0,0,0,1,0,2,2,3,2,0,0,131,5,3,0
1487600,0,0,0,0,1,0,2,2,3,2,0,0,137,5,3,1
1488130,0,0,0,0,1,0,2,2,3,2,0,0,133,5,3,0
1488662,0,0,0,0,1,0,2,2,3,2,0,0,136,5,3,0
1489192,0,0,0,0,1,0,2,2,3,2,0,0,133,5,3,0
1489722,0,0,0,0,1,0,2,2,3,3,0,0,146,6,3,0
1490252,0,0,2,1,2,1,7,9,10,9,1,0,394,19,10,3
1490782,0,0,1,1,2,1,5,7,9,7,1,0,305,15,7,2
1491312,0,0,1,1,1,1,4,5,6,5,0,0,244,11,6,2
1491842,0,0,1,1,2,1,4,6,8,6,1,0,290,14,7,2
1492372,0,0,1,1,2,1,4,6,8,6,0,0,311,14,7,2
1492902,0,0,1,1,2,0,4,5,7,5,0,0,253,12,6,2
1493434,0,0,1,1,2,1,4,5,7,5,0,0,261,12,7,2
1493966,0,0,1,1,2,1,4,5,7,5,0,0,253,12,7,2
1494496,0,0,1,1,2,1,4,5,7,6,0,0,272,12,7,2
1495026,0,0,1,1,2,1,4,6,7,6,0,0,294,13,7,2
1495556,0,0,1,1,2,1,5,6,8,6,0,0,310,13,8,2
1496086,0,0,1,1,2,1,5,6,7,6,0,0,306,13,8,2
1496616,0,0,1,1,2,1,4,5,7,6,0,0,274,12,7,2
1497146,1,0,1,1,2,3,4,5,7,27,10,0,527,12,9,3
1497676,0,0,1,1,2,1,4,5,6,5,0,0,253,11,7,2
1498206,0,0,1,1,2,1,4,5,6,5,0,0,239,11,7,2
1498736,0,0,1,1,1,1,4,4,6,5,0,0,225,10,6,2
1499266,8,1,1,4,5,15,3,4,17,211,141,0,2616,21,23,14
1499798,0,0,1,1,1,0,3,4,5,4,0,0,220,10,5,2
1500328,0,0,1,1,1,0,3,4,5,4,0,0,206,9,4,2
1500860,0,0,1,1,1,0,3,4,5,4,0,0,206,9,4,2
1501390,0,0,1,1,1,0,3,4,5,5,0,0,222,9,4,2
1501920,0,0,1,1,2,0,4,5,6,5,0,0,236,11,6,2
1502450,10,2,1,6,9,15,4,5,26,239,162,0,2811,31,27,19
1502980,0,0,3,1,1,1,14,17,6,4,0,113,951,23,16,4
1503510,0,0,1,1,1,0,3,4,5,4,0,0,210,9,4,2
1504040,0,0,1,1,1,1,4,5,6,5,0,3,249,11,6,2
1504570,1,19,5,43,39,3,20,21,172,40,22,99,3904,193,62,68
1505100,3,4,6,11,12,7,30,35,58,106,60,338,4820,92,48,24
1505632,0,1,2,3,4,1,13,15,19,6,1,122,1275,34,18,7
1506162,0,0,1,1,2,1,4,4,6,5,0,0,230,10,7,2
1506692,0,0,1,1,2,1,4,4,6,5,0,0,234,10,6,2
1507224,0,0,1,1,1,1,4,4,6,5,0,1,241,10,6,2
1507756,2,6,4,14,14,3,17,17,59,43,27,70,2755,75,34,26
1508286,0,0,1,1,1,1,3,4,6,4,0,0,236,10,5,2
1508816,0,0,1,1,1,0,3,4,6,4,0,1,245,10,5,2
1509346,5,6,2,15,16,7,10,11,59,102,66,58,3025,70,34,28
1509876,3,6,8,16,15,6,43,52,73,113,62,567,5297,125,64,33
1510406,2,3,5,9,9,5,23,27,44,83,48,236,3662,71,38,18
1510936,2,3,4,8,9,4,19,23,39,67,38,163,3325,62,31,17
1511466,1,2,3,6,7,4,13,16,33,56,32,112,2570,49,24,12
1511996,2,3,4,7,8,6,23,27,37,98,54,260,3633,64,37,16
1512526,2,4,5,11,11,5,26,30,53,94,52,292,3718,83,42,22
1513056,3,3,5,10,10,5,26,33,39,95,60,230,2842,72,41,21
1513586,2,4,4,9,11,5,23,28,49,91,55,259,4347,77,39,19
1514116,2,3,5,9,10,4,25,31,45,73,44,306,4146,75,39,19
1514646,2,3,4,8,9,5,24,29,44,88,53,273,4253,72,38,17
1515176,2,3,5,9,11,5,25,30,50,87,53,300,4640,80,41,19
1515706,2,3,5,9,10,5,24,29,48,90,54,278,4546,77,39,19
1516236,2,3,5,8,10,5,23,29,46,89,54,259,4407,75,38,19
1516766,3,3,5,9,10,5,24,31,48,95,57,279,4669,79,39,20
1517296,3,4,5,9,11,6,25,30,52,97,57,267,4784,82,42,21
1517826,3,4,5,9,11,5,25,30,51,96,57,269,4798,81,41,21
1518358,3,4,5,9,11,5,24,29,50,91,54,255,4620,79,39,20
1518888,2,3,5,9,10,5,23,28,48,91,54,258,4539,76,38,20
1519418,2,3,5,8,10,5,24,29,47,89,53,270,4453,76,39,18
1519948,2,3,5,8,10,5,23,28,45,84,51,261,4248,72,37,18
1520478,2,3,4,8,9,5,22,26,42,80,48,247,4006,69,35,17
1521008,2,3,4,7,9,5,21,25,41,76,45,244,3780,67,35,16
1521538,0,1,2,3,4,1,10,11,18,8,3,81,1089,29,14,6
1522068,0,0,1,1,1,1,3,4,6,4,0,0,232,10,6,2
1522598,0,0,1,1,1,0,3,4,4,3,0,0,201,8,4,2
1523130,0,0,0,0,1,0,2,3,4,3,0,0,180,7,3,0
1523660,0,0,0,1,1,0,2,3,4,3,0,0,179,7,3,1
1524192,0,0,0,1,1,0,2,3,4,3,0,0,178,7,3,1
1524722,1,3,5,10,17,9,29,39,80,76,8,2,2701,119,55,19
1525252,0,0,2,2,3,1,12,15,15,10,1,0,616,31,17,5
1525784,0,0,1,1,2,1,4,5,7,6,0,0,276,12,6,2
1526316,0,0,1,1,1,0,3,4,5,4,0,0,224,9,5,2
1526846,0,0,1,1,1,0,3,4,4,4,0,0,199,8,4,2
1527376,0,0,1,1,1,0,3,3,4,3,0,0,188,7,4,2
1527906,0,0,1,1,1,0,3,3,4,3,0,0,183,7,4,2
1528436,0,0,1,1,1,0,3,3,4,3,0,0,183,7,4,2
1528966,0,0,1,1,1,0,3,3,4,3,0,0,183,7,4,2
1529496,0,0,1,1,1,0,3,3,4,3,0,0,181,7,4,2
1530026,0,0,0,0,1,0,3,3,4,3,0,0,173,7,4,1
1530556,0,0,0,0,1,0,2,2,3,2,0,0,133,5,3,0
1531088,0,0,0,0,1,0,2,2,3,3,0,0,148,6,3,0
1531620,0,0,1,1,1,0,3,4,5,5,0,0,214,9,4,2
1532150,0,0,1,1,1,0,3,4,6,5,1,0,226,10,4,2
1532680,0,0,1,1,1,0,3,4,5,4,0,0,199,9,4,2
1533210,0,0,0,1,1,0,2,3,4,3,0,0,168,7,3,1
1533740,0,0,1,1,1,0,2,3,3,2,0,0,152,6,3,1
1534270,0,0,1,1,1,0,2,3,3,2,0,0,150,6,3,2
1534800,0,0,1,1,1,0,2,3,3,2,0,0,156,6,3,2
1535330,0,0,1,1,1,0,2,3,3,2,0,0,160,6,3,2
1535860,0,0,1,1,1,0,2,3,3,2,0,0,153,6,3,2
1536390,0,0,1,1,1,0,2,3,3,2,0,0,155,6,3,2
1536920,0,0,1,1,1,0,3,3,3,2,0,0,162,6,4,2
1537450,0,0,1,1,1,0,3,3,3,2,0,0,161,6,4,2
1537982,0,0,1,1,1,0,3,3,3,2,0,0,167,6,4,2
1538512,0,0,1,1,1,0,3,3,3,2,0,0,167,6,4,2
1539044,0,0,1,1,1,0,3,3,3,2,0,0,166,6,4,2
1539574,0,0,1,1,1,0,3,3,3,2,0,0,166,6,4,2
1540106,0,0,1,1,1,0,3,3,3,2,0,0,164,6,4,2
1540636,0,0,1,1,1,0,3,3,3,2,0,0,165,6,4,2
1541166,0,0,1,1,1,0,3,3,3,2,0,0,165,6,4,2
1541696,0,0,1,1,1,0,3,3,3,2,0,0,164,6,4,2
1542226,0,0,1,1,1,0,3,3,3,2,0,0,165,6,4,2
1542756,0,0,1,1,1,0,3,3,3,2,0,0,165,6,4,2
1543288,0,0,1,1,1,0,3,3,3,2,0,0,165,6,4,2
1543818,0,0,1,1,1,0,3,3,3,2,0,0,165,6,4,2
1544348,0,0,1,1,1,0,3,3,3,2,0,0,165,6,4,2
1544878,0,0,1,1,1,0,2,3,3,2,0,0,154,6,3,2
1545410,0,0,1,0,1,0,2,3,3,2,0,0,146,6,3,1
1545940,0,0,0,1,1,0,2,3,3,2,0,0,153,6,3,1
1546470,0,0,0,0,1,0,2,3,3,3,0,0,158,6,3,0
1547000,0,0,0,0,1,0,2,3,3,3,0,0,153,6,3,0
1547530,0,0,0,0,1,0,2,3,3,3,0,0,151,6,3,0
1548060,0,0,0,0,1,0,2,3,3,3,0,0,150,6,3,0
1548592,0,0,0,0,1,0,2,3,3,3,0,0,157,6,3,0
1549122,0,0,0,1,1,0,2,3,3,3,0,0,155,6,3,1
1549652,0,0,0,1,1,0,3,3,5,5,0,0,212,8,4,1
1550182,0,0,1,1,2,1,4,6,7,7,1,0,300,13,7,2
1550712,0,0,1,1,2,1,6,7,9,9,1,0,357,16,9,2
1551242,0,0,1,1,2,1,6,8,9,8,1,0,346,16,9,2
1551772,0,0,1,1,2,1,5,7,9,8,1,0,339,15,8,2
1552302,0,0,1,2,3,1,7,9,11,10,1,0,439,20,11,3
1552832,0,0,1,2,3,1,7,9,12,13,1,0,513,22,12,3
1553362,1,3,8,9,18,9,45,59,86,70,8,3,2907,146,72,21
1553894,0,1,4,4,7,2,16,23,28,22,4,1,1029,51,25,9
1554424,0,0,1,2,2,1,6,8,10,8,1,0,453,18,9,3
1554954,0,0,1,1,2,1,5,6,7,6,1,0,328,13,8,2
1555486,0,0,1,1,2,1,4,5,7,6,1,0,320,12,7,2
1556018,0,0,1,1,2,1,4,5,7,6,1,0,313,12,7,2
1556548,0,0,1,1,2,1,4,5,7,6,1,0,318,12,7,2
1557078,0,0,1,1,2,1,4,5,7,6,1,0,324,12,7,2
1557608,0,0,1,1,2,1,4,6,8,9,1,0,346,13,8,2
1558138,0,1,3,4,7,3,14,21,28,28,4,1,981,49,24,8
1558670,0,1,2,3,4,2,9,13,15,16,2,1,583,28,15,6
1559202,0,1,2,3,4,2,8,12,15,15,2,1,549,27,14,6
1559732,1,2,4,7,12,9,17,25,53,76,9,2,1988,79,38,14
1560262,12,27,73,85,165,82,382,488,721,576,69,29,24670,1209,629,197
1560792,7,14,47,45,86,38,237,308,382,291,39,21,14014,690,362,112
1561322,8,16,45,49,95,47,230,301,424,358,47,21,15250,725,372,119
1561852,8,17,48,51,99,49,244,322,447,378,49,21,15781,769,392,124
1562382,10,21,59,64,123,60,302,398,559,460,58,26,19260,957,484,153
1562912,2,6,23,19,36,13,116,155,166,103,13,10,5807,321,165,50
1563442,0,0,1,1,2,1,4,6,6,5,1,0,288,12,7,2
1563972,0,0,2,3,4,2,8,11,20,22,3,1,701,31,15,5
1564502,0,1,3,3,6,2,17,23,27,21,2,1,977,50,25,7
1565034,0,0,2,2,4,1,9,12,15,14,1,0,592,27,14,4
1565564,0,1,3,3,6,2,15,21,28,25,3,1,961,49,24,7
1566094,0,0,1,1,2,1,6,8,9,7,1,0,374,16,9,3
1566624,0,0,1,1,2,1,4,5,6,5,1,0,282,11,7,2
1567154,0,0,1,1,2,1,4,5,6,5,1,0,269,11,7,2
1567684,0,0,1,1,2,1,4,5,6,5,1,0,268,11,7,2
1568216,0,0,1,1,2,1,4,5,6,5,1,0,268,11,7,2
1568748,0,0,1,1,2,1,4,5,6,5,0,0,268,11,7,2
1569278,0,0,1,1,2,1,4,5,6,5,0,0,261,11,7,2
1569808,0,0,1,1,2,1,4,4,6,5,0,0,260,10,7,2
1570338,0,0,1,1,2,1,4,5,6,5,1,0,260,11,7,2
1570868,0,0,1,1,2,1,4,5,6,5,0,0,259,11,7,2
1571398,0,0,1,1,2,1,4,5,6,5,0,0,258,11,7,2
1571928,0,0,1,1,2,1,4,5,6,5,0,0,260,11,7,2
1572458,0,0,1,1,2,1,4,5,6,5,0,0,258,11,7,2
1572988,0,0,1,1,2,1,4,5,6,5,0,0,258,11,7,2
1573518,0,0,1,1,2,1,4,5,6,5,0,0,255,10,7,2
1574048,0,0,1,1,2,0,4,5,6,5,0,0,256,11,6,2
1574578,0,0,1,1,2,1,4,5,6,5,0,0,256,11,7,2
1575108,0,0,1,1,2,1,4,5,6,5,0,0,256,11,7,2
1575638,0,0,1,1,2,1,4,5,6,5,0,0,254,10,7,2
1576168,0,0,1,1,2,1,4,5,6,5,0,0,253,11,7,2
1576698,0,0,1,1,2,1,4,5,6,5,0,0,253,10,7,2
1577228,0,0,1,1,2,1,4,4,5,5,0,0,248,10,7,2
1577758,0,0,1,1,2,1,4,4,5,5,1,0,255,9,6,2
1578288,0,0,1,1,2,1,5,7,10,9,1,0,464,17,9,3
1578818,0,0,2,2,4,2,7,10,17,20,2,0,619,27,13,4
1579348,0,1,3,3,6,2,16,22,27,21,2,1,956,49,24,7
1579878,0,0,1,1,2,1,6,8,11,9,1,0,433,19,9,2
1580408,0,0,1,1,2,1,6,7,9,8,1,0,385,16,9,2
1580938,0,0,1,1,2,1,6,8,10,9,1,0,415,18,9,2
1581468,0,0,1,1,2,1,5,7,9,8,1,0,381,16,8,2
1581998,0,0,1,1,2,1,6,7,9,8,1,0,393,16,9,2
1582530,0,0,1,1,2,1,6,7,9,8,1,0,395,16,9,2
1583060,0,0,1,1,2,1,6,8,10,9,1,0,430,18,9,2
1583592,0,0,1,1,2,1,6,8,10,9,1,0,428,18,9,2
1584122,0,0,1,1,2,1,6,8,10,9,1,0,427,18,9,2
1584654,0,0,1,1,2,1,6,8,10,9,1,0,416,18,9,2
1585184,0,0,1,1,2,1,6,8,10,9,1,0,422,18,9,2
1585714,0,0,1,1,2,1,6,8,10,9,1,0,428,18,9,2
1586244,0,0,1,1,2,1,6,8,10,9,1,0,423,18,9,2
1586774,0,0,1,1,2,1,6,7,10,9,1,0,403,17,9,2
1587306,0,0,1,1,2,1,6,8,10,9,1,0,405,18,9,2
1587836,0,0,1,1,2,1,6,8,11,10,1,0,453,19,10,2
1588366,0,0,1,2,3,1,7,10,12,11,1,0,511,22,11,3
1588896,0,0,1,2,3,1,7,10,12,11,1,0,504,22,11,3
1589426,0,0,1,1,3,1,7,9,12,11,1,0,491,21,11,2
1589956,0,0,1,1,2,1,7,9,12,10,1,0,480,21,11,2
1590486,0,0,1,1,3,1,7,9,12,11,1,0,485,21,11,2
1591018,0,0,1,2,3,1,8,10,13,12,1,0,548,24,12,3
1591548,0,0,1,2,3,1,8,11,13,12,1,0,559,24,12,3
1592078,0,0,1,2,3,1,8,10,13,12,1,0,531,23,12,3
1592608,0,0,1,2,2,1,7,9,11,10,1,0,473,20,10,3
1593140,0,0,1,1,2,1,6,8,10,9,1,0,408,18,9,2
1593670,0,0,1,1,2,1,6,7,10,8,1,0,396,17,9,2
1594200,0,0,1,1,2,1,6,7,10,9,1,0,396,17,9,2
1594730,0,0,1,1,2,1,6,7,10,9,1,0,403,17,9,2
1595260,0,0,1,1,2,1,6,7,10,9,1,0,404,17,9,2
1595790,0,0,1,1,2,1,6,8,10,9,1,0,413,18,9,2
1596320,0,0,1,1,2,1,6,8,10,9,1,0,415,18,9,2
1596852,0,0,1,1,2,1,6,8,10,9,1,0,414,18,9,2
1597382,0,0,1,1,2,1,6,8,10,9,1,0,414,18,9,2
1597912,0,0,1,1,2,1,6,8,10,9,1,0,413,18,9,2
1598444,0,0,1,1,2,1,6,8,10,9,1,0,413,18,9,2
1598974,0,0,1,1,2,1,6,8,10,9,1,0,415,18,9,2
1599504,0,0,1,1,2,1,6,8,10,9,1,0,421,18,9,2
1600034,0,0,1,1,2,1,6,8,10,9,1,0,431,18,9,2
1600564,0,0,1,1,2,1,6,8,10,9,1,0,427,18,9,2
1601094,0,0,1,1,2,1,6,8,10,9,1,0,427,18,9,2
1601626,0,0,1,1,2,1,6,8,10,9,1,0,425,18,9,2
1602156,0,0,1,1,2,1,6,8,10,9,1,0,421,18,9,2
1602688,0,0,1,1,2,1,6,8,10,9,1,0,420,18,9,2
1603218,0,0,1,1,2,1,6,8,10,9,1,0,419,18,9,2
1603750,0,0,1,1,2,1,6,8,10,9,1,0,420,18,9,2
1604280,0,0,1,1,2,1,6,8,10,9,1,0,416,18,9,2
1604810,0,0,1,1,2,1,6,8,10,9,1,0,418,18,9,2
1605340,0,0,1,1,2,1,6,8,10,9,1,0,428,18,9,2
1605872,0,0,1,1,2,1,6,8,10,9,1,0,424,18,9,2
1606402,0,0,1,1,2,1,6,8,10,9,1,0,419,18,9,2
1606934,0,0,1,1,2,1,6,8,10,10,1,0,434,18,9,2
1607466,0,0,1,1,2,1,6,8,10,9,1,0,435,18,9,2
1607998,0,0,1,1,2,1,6,8,11,10,1,0,439,19,9,2
1608528,0,0,1,1,2,1,6,8,11,10,1,0,457,19,10,2
1609058,0,0,1,1,3,1,7,9,11,10,1,0,463,20,11,2
1609588,0,0,1,1,2,1,7,9,11,10,1,0,460,20,10,2
1610118,0,0,1,1,2,1,6,8,10,9,1,0,429,18,9,2
1610648,0,0,1,1,2,1,6,8,10,9,1,0,431,18,9,2
1611178,0,0,1,1,2,1,6,8,10,10,1,0,440,18,9,2
1611710,0,0,1,1,2,1,6,8,10,9,1,0,433,18,9,2
1612242,0,0,1,1,2,1,6,8,10,9,1,0,434,18,9,2
1612772,0,0,1,1,2,1,6,8,10,9,1,0,434,18,9,2
1613302,0,0,1,1,2,1,6,8,10,9,1,0,427,18,9,2
1613832,0,0,1,1,2,1,6,8,10,9,1,0,429,18,9,2
1614362,0,0,1,1,2,1,6,8,10,9,1,0,427,18,9,2
1614894,0,0,1,1,2,1,6,8,10,9,1,0,431,18,9,2
1615426,0,0,1,1,2,1,6,8,10,9,1,0,432,18,9,2
1615956,0,0,1,1,2,1,6,8,10,9,1,0,430,18,9,2
1616488,0,0,1,1,2,1,6,8,10,10,1,0,439,18,9,2
1617020,0,0,1,1,2,1,6,8,10,9,1,0,434,18,9,2
1617550,0,0,1,1,2,1,6,8,10,9,1,0,426,18,9,2
1618080,0,0,1,1,2,1,6,8,10,9,1,0,424,18,9,2
1618612,0,0,1,1,2,1,6,8,10,9,1,0,433,18,9,2
1619142,0,0,1,1,2,1,6,8,10,9,1,0,426,18,9,2
1619672,0,0,1,1,2,1,6,8,10,9,1,0,426,18,9,2
1620204,0,0,1,1,2,1,6,8,10,9,1,0,431,18,9,2
1620734,0,0,1,1,2,1,6,8,10,9,1,0,432,18,9,2
1621264,0,0,1,1,2,1,6,8,10,10,1,0,438,18,9,2
1621794,0,0,1,1,2,1,6,8,10,9,1,0,439,18,9,2
1622324,0,0,1,1,2,1,6,8,10,9,1,0,433,18,9,2
1622854,0,0,1,1,2,1,6,8,10,9,1,0,428,18,9,2
1623384,0,0,1,1,2,1,6,8,10,9,1,0,427,18,9,2
1623914,0,0,1,1,2,1,6,8,10,9,1,0,426,18,9,2
1624444,0,0,1,1,2,1,6,8,10,9,1,0,432,18,9,2
1624974,0,0,1,1,2,1,6,8,10,9,1,0,431,18,9,2
1625504,0,0,1,1,2,1,6,8,10,9,1,0,428,18,9,2
1626034,0,0,1,1,2,1,6,8,10,9,1,0,426,18,9,2
1626564,0,0,1,1,2,1,6,8,10,9,1,0,430,18,9,2
1627094,0,0,1,1,2,1,6,8,10,9,1,0,434,18,9,2
1627624,0,0,1,1,2,1,6,8,10,9,1,0,433,18,9,2
1628154,0,0,1,1,2,1,6,8,10,9,1,0,432,18,9,2
1628684,0,0,1,1,2,1,6,8,10,9,1,0,435,18,9,2
1629214,0,0,1,1,2,1,6,8,10,9,1,0,437,18,9,2
1629744,0,0,1,1,2,1,6,8,10,9,1,0,436,18,9,2
1630274,0,0,1,1,2,1,6,8,10,10,1,0,436,18,9,2
1630806,0,0,1,1,2,1,6,8,10,10,1,0,438,18,9,2
1631338,0,0,1,1,2,1,6,8,10,9,1,0,438,18,9,2
1631868,0,0,1,1,2,1,6,8,10,9,1,0,437,18,9,2
1632398,0,0,1,1,2,1,6,8,10,9,1,0,436,18,9,2
1632928,0,0,1,1,2,1,6,8,10,9,1,0,437,18,9,2
1633460,0,0,1,1,2,1,6,8,10,9,1,0,436,18,9,2
1633990,0,0,1,1,2,1,6,8,10,9,1,0,435,18,9,2
1634522,0,0,1,1,2,1,6,8,10,9,1,0,433,18,9,2
1635052,0,0,1,1,2,1,6,8,10,9,1,0,434,18,9,2
1635582,0,0,1,1,2,1,6,8,10,10,1,0,437,18,9,2
1636112,0,0,1,1,2,1,6,8,10,9,1,0,435,18,9,2
1636642,0,0,1,1,2,1,6,8,10,9,1,0,436,18,9,2
1637172,0,0,1,1,2,1,6,8,11,9,1,0,439,19,9,2
1637704,0,0,1,1,2,1,6,8,10,9,1,0,437,18,9,2
